-- phpMyAdmin SQL Dump
-- version 3.4.5
-- http://www.phpmyadmin.net
--
-- Host: localhost
-- Generation Time: Feb 25, 2014 at 11:58 AM
-- Server version: 5.5.16
-- PHP Version: 5.3.8

SET SQL_MODE="NO_AUTO_VALUE_ON_ZERO";
SET time_zone = "+00:00";


/*!40101 SET @OLD_CHARACTER_SET_CLIENT=@@CHARACTER_SET_CLIENT */;
/*!40101 SET @OLD_CHARACTER_SET_RESULTS=@@CHARACTER_SET_RESULTS */;
/*!40101 SET @OLD_COLLATION_CONNECTION=@@COLLATION_CONNECTION */;
/*!40101 SET NAMES utf8 */;

--
-- Database: `mexicovr`
--

-- --------------------------------------------------------

--
-- Table structure for table `acos`
--

CREATE TABLE IF NOT EXISTS `acos` (
  `id` int(10) NOT NULL AUTO_INCREMENT,
  `parent_id` int(10) DEFAULT NULL,
  `model` varchar(255) DEFAULT NULL,
  `foreign_key` int(10) DEFAULT NULL,
  `alias` varchar(255) DEFAULT NULL,
  `lft` int(10) DEFAULT NULL,
  `rght` int(10) DEFAULT NULL,
  PRIMARY KEY (`id`)
) ENGINE=InnoDB  DEFAULT CHARSET=latin1 AUTO_INCREMENT=253 ;

--
-- Dumping data for table `acos`
--

INSERT INTO `acos` (`id`, `parent_id`, `model`, `foreign_key`, `alias`, `lft`, `rght`) VALUES
(1, NULL, NULL, NULL, 'controllers', 1, 470),
(2, 1, NULL, NULL, 'Account', 2, 19),
(3, 2, NULL, NULL, 'register', 3, 4),
(4, 2, NULL, NULL, 'activate', 5, 6),
(5, 2, NULL, NULL, 'index', 7, 8),
(6, 2, NULL, NULL, 'login', 9, 10),
(8, 2, NULL, NULL, 'logout', 11, 12),
(9, 2, NULL, NULL, 'forgot_password', 13, 14),
(10, 1, NULL, NULL, 'Config', 20, 25),
(11, 10, NULL, NULL, 'index', 21, 22),
(12, 1, NULL, NULL, 'Contact', 26, 31),
(13, 12, NULL, NULL, 'index', 27, 28),
(14, 1, NULL, NULL, 'Home', 32, 41),
(15, 14, NULL, NULL, 'index', 33, 34),
(16, 1, NULL, NULL, 'Pages', 42, 65),
(18, 1, NULL, NULL, 'Permissions', 66, 81),
(19, 18, NULL, NULL, 'index', 67, 68),
(20, 18, NULL, NULL, 'show_aco_tree', 69, 70),
(21, 18, NULL, NULL, 'add', 71, 72),
(22, 18, NULL, NULL, 'delete', 73, 74),
(23, 18, NULL, NULL, 'show_aro', 75, 76),
(24, 18, NULL, NULL, 'aco_sync', 77, 78),
(25, 1, NULL, NULL, 'Roles', 82, 95),
(26, 25, NULL, NULL, 'index', 83, 84),
(27, 25, NULL, NULL, 'view', 85, 86),
(28, 25, NULL, NULL, 'add', 87, 88),
(29, 25, NULL, NULL, 'edit', 89, 90),
(30, 25, NULL, NULL, 'delete', 91, 92),
(31, 1, NULL, NULL, 'Users', 96, 113),
(32, 31, NULL, NULL, 'index', 97, 98),
(34, 31, NULL, NULL, 'add', 99, 100),
(36, 31, NULL, NULL, 'delete', 101, 102),
(37, 1, NULL, NULL, 'AclExtras', 114, 115),
(38, 1, NULL, NULL, 'Blog', 116, 131),
(39, 38, NULL, NULL, 'Blog', 117, 130),
(40, 39, NULL, NULL, 'index', 118, 119),
(41, 39, NULL, NULL, 'view', 120, 121),
(42, 39, NULL, NULL, 'add', 122, 123),
(43, 39, NULL, NULL, 'edit', 124, 125),
(44, 39, NULL, NULL, 'delete', 126, 127),
(45, 1, NULL, NULL, 'DebugKit', 132, 141),
(46, 45, NULL, NULL, 'ToolbarAccess', 133, 140),
(47, 46, NULL, NULL, 'history_state', 134, 135),
(48, 46, NULL, NULL, 'sql_explain', 136, 137),
(49, 1, NULL, NULL, 'Recaptcha', 142, 143),
(53, 1, NULL, NULL, 'Activities', 144, 157),
(54, 53, NULL, NULL, 'index', 145, 146),
(55, 53, NULL, NULL, 'view', 147, 148),
(56, 53, NULL, NULL, 'add', 149, 150),
(57, 53, NULL, NULL, 'edit', 151, 152),
(58, 53, NULL, NULL, 'delete', 153, 154),
(59, 1, NULL, NULL, 'Advertisements', 158, 185),
(60, 59, NULL, NULL, 'index', 159, 160),
(61, 59, NULL, NULL, 'view', 161, 162),
(63, 59, NULL, NULL, 'edit', 163, 164),
(64, 59, NULL, NULL, 'delete', 165, 166),
(65, 59, NULL, NULL, 'advertise', 167, 168),
(66, 1, NULL, NULL, 'MiscellaneousItems', 186, 199),
(67, 66, NULL, NULL, 'index', 187, 188),
(68, 66, NULL, NULL, 'view', 189, 190),
(69, 66, NULL, NULL, 'add', 191, 192),
(70, 66, NULL, NULL, 'edit', 193, 194),
(71, 66, NULL, NULL, 'delete', 195, 196),
(72, 1, NULL, NULL, 'Packages', 200, 213),
(73, 72, NULL, NULL, 'index', 201, 202),
(74, 72, NULL, NULL, 'view', 203, 204),
(75, 72, NULL, NULL, 'add', 205, 206),
(76, 72, NULL, NULL, 'edit', 207, 208),
(77, 72, NULL, NULL, 'delete', 209, 210),
(78, 16, NULL, NULL, 'index', 43, 44),
(80, 16, NULL, NULL, 'add', 45, 46),
(83, 1, NULL, NULL, 'PaymentTypes', 214, 227),
(84, 83, NULL, NULL, 'index', 215, 216),
(85, 83, NULL, NULL, 'view', 217, 218),
(86, 83, NULL, NULL, 'add', 219, 220),
(87, 83, NULL, NULL, 'edit', 221, 222),
(88, 83, NULL, NULL, 'delete', 223, 224),
(89, 1, NULL, NULL, 'Properties', 228, 275),
(90, 89, NULL, NULL, 'index', 229, 230),
(91, 89, NULL, NULL, 'view', 231, 232),
(92, 89, NULL, NULL, 'add', 233, 234),
(93, 89, NULL, NULL, 'edit', 235, 236),
(94, 89, NULL, NULL, 'delete', 237, 238),
(95, 1, NULL, NULL, 'PropertyActivities', 276, 289),
(96, 95, NULL, NULL, 'index', 277, 278),
(97, 95, NULL, NULL, 'view', 279, 280),
(98, 95, NULL, NULL, 'add', 281, 282),
(99, 95, NULL, NULL, 'edit', 283, 284),
(100, 95, NULL, NULL, 'delete', 285, 286),
(101, 1, NULL, NULL, 'PropertyMiscellaneousItems', 290, 303),
(102, 101, NULL, NULL, 'index', 291, 292),
(103, 101, NULL, NULL, 'view', 293, 294),
(104, 101, NULL, NULL, 'add', 295, 296),
(105, 101, NULL, NULL, 'edit', 297, 298),
(106, 101, NULL, NULL, 'delete', 299, 300),
(107, 1, NULL, NULL, 'PropertyPaymentTypes', 304, 317),
(108, 107, NULL, NULL, 'index', 305, 306),
(109, 107, NULL, NULL, 'view', 307, 308),
(110, 107, NULL, NULL, 'add', 309, 310),
(111, 107, NULL, NULL, 'edit', 311, 312),
(112, 107, NULL, NULL, 'delete', 313, 314),
(113, 1, NULL, NULL, 'PropertyPhotos', 318, 331),
(114, 113, NULL, NULL, 'index', 319, 320),
(115, 113, NULL, NULL, 'view', 321, 322),
(116, 113, NULL, NULL, 'add', 323, 324),
(117, 113, NULL, NULL, 'edit', 325, 326),
(118, 113, NULL, NULL, 'delete', 327, 328),
(119, 1, NULL, NULL, 'PropertyRates', 332, 345),
(120, 119, NULL, NULL, 'index', 333, 334),
(121, 119, NULL, NULL, 'view', 335, 336),
(122, 119, NULL, NULL, 'add', 337, 338),
(123, 119, NULL, NULL, 'edit', 339, 340),
(124, 119, NULL, NULL, 'delete', 341, 342),
(125, 1, NULL, NULL, 'PropertyReservations', 346, 359),
(126, 125, NULL, NULL, 'index', 347, 348),
(127, 125, NULL, NULL, 'view', 349, 350),
(128, 125, NULL, NULL, 'add', 351, 352),
(129, 125, NULL, NULL, 'edit', 353, 354),
(130, 125, NULL, NULL, 'delete', 355, 356),
(131, 1, NULL, NULL, 'PropertyReviews', 360, 373),
(132, 131, NULL, NULL, 'index', 361, 362),
(133, 131, NULL, NULL, 'view', 363, 364),
(134, 131, NULL, NULL, 'add', 365, 366),
(135, 131, NULL, NULL, 'edit', 367, 368),
(136, 131, NULL, NULL, 'delete', 369, 370),
(137, 1, NULL, NULL, 'Reservations', 374, 387),
(138, 137, NULL, NULL, 'index', 375, 376),
(139, 137, NULL, NULL, 'view', 377, 378),
(140, 137, NULL, NULL, 'add', 379, 380),
(141, 137, NULL, NULL, 'edit', 381, 382),
(142, 137, NULL, NULL, 'delete', 383, 384),
(143, 1, NULL, NULL, 'Reviews', 388, 403),
(144, 143, NULL, NULL, 'index', 389, 390),
(145, 143, NULL, NULL, 'view', 391, 392),
(146, 143, NULL, NULL, 'add', 393, 394),
(147, 143, NULL, NULL, 'edit', 395, 396),
(148, 143, NULL, NULL, 'delete', 397, 398),
(149, 1, NULL, NULL, 'Seasons', 404, 417),
(150, 149, NULL, NULL, 'index', 405, 406),
(151, 149, NULL, NULL, 'view', 407, 408),
(152, 149, NULL, NULL, 'add', 409, 410),
(153, 149, NULL, NULL, 'edit', 411, 412),
(154, 149, NULL, NULL, 'delete', 413, 414),
(155, 1, NULL, NULL, 'Composer', 418, 419),
(157, 59, NULL, NULL, 'preview', 169, 170),
(158, 1, NULL, NULL, 'Uploader', 420, 421),
(159, 2, NULL, NULL, 'member', 15, 16),
(160, 14, NULL, NULL, 'search', 35, 36),
(161, 16, NULL, NULL, 'about', 47, 48),
(162, 16, NULL, NULL, 'privacy', 49, 50),
(163, 89, NULL, NULL, 'choose_your_listings', 239, 240),
(167, 89, NULL, NULL, 'description', 241, 242),
(168, 89, NULL, NULL, 'address', 243, 244),
(170, 89, NULL, NULL, 'upload_photos', 245, 246),
(171, 89, NULL, NULL, 'rates', 247, 248),
(172, 59, NULL, NULL, 'advertising_next', 171, 172),
(173, 59, NULL, NULL, 'advertising_advertise', 173, 174),
(174, 89, NULL, NULL, 'rate', 249, 250),
(175, 89, NULL, NULL, 'preview', 251, 252),
(177, 59, NULL, NULL, 'advertising_payment', 175, 176),
(178, 59, NULL, NULL, 'advertising_purchase', 177, 178),
(179, 89, NULL, NULL, 'upload_audio', 253, 254),
(180, 89, NULL, NULL, 'video_url', 255, 256),
(181, 89, NULL, NULL, 'availability_calendar', 257, 258),
(182, 89, NULL, NULL, 'save_property', 259, 260),
(183, 89, NULL, NULL, 'contact_owner', 261, 262),
(184, 89, NULL, NULL, 'display_contact_element', 263, 264),
(185, 143, NULL, NULL, 'display_review_element', 399, 400),
(186, 1, NULL, NULL, 'TmpUploadAudios', 422, 435),
(187, 186, NULL, NULL, 'index', 423, 424),
(188, 186, NULL, NULL, 'view', 425, 426),
(189, 186, NULL, NULL, 'add', 427, 428),
(190, 186, NULL, NULL, 'edit', 429, 430),
(191, 186, NULL, NULL, 'delete', 431, 432),
(192, 1, NULL, NULL, 'TmpUploadPhotos', 436, 449),
(193, 192, NULL, NULL, 'index', 437, 438),
(194, 192, NULL, NULL, 'view', 439, 440),
(195, 192, NULL, NULL, 'add', 441, 442),
(196, 192, NULL, NULL, 'edit', 443, 444),
(197, 192, NULL, NULL, 'delete', 445, 446),
(198, 1, NULL, NULL, 'TmpUploads', 450, 463),
(199, 198, NULL, NULL, 'index', 451, 452),
(200, 198, NULL, NULL, 'view', 453, 454),
(201, 198, NULL, NULL, 'add', 455, 456),
(202, 198, NULL, NULL, 'edit', 457, 458),
(203, 198, NULL, NULL, 'delete', 459, 460),
(204, 59, NULL, NULL, 'first_step', 179, 180),
(205, 59, NULL, NULL, 'show', 181, 182),
(206, 14, NULL, NULL, 'admin_index', 37, 38),
(207, 16, NULL, NULL, 'display', 51, 52),
(208, 16, NULL, NULL, 'admin_view', 53, 54),
(209, 16, NULL, NULL, 'admin_edit', 55, 56),
(210, 16, NULL, NULL, 'admin_delete', 57, 58),
(211, 16, NULL, NULL, 'admin_index', 59, 60),
(212, 16, NULL, NULL, 'generate_excerpt', 61, 62),
(213, 89, NULL, NULL, 'rent_a_property', 265, 266),
(214, 89, NULL, NULL, 'buy_a_property', 267, 268),
(215, 89, NULL, NULL, 'search', 269, 270),
(216, 89, NULL, NULL, 'disp_property_list', 271, 272),
(217, 1, NULL, NULL, 'Settings', 464, 469),
(218, 217, NULL, NULL, 'admin_index', 465, 466),
(219, 31, NULL, NULL, 'admin_view', 103, 104),
(220, 31, NULL, NULL, 'admin_edit', 105, 106),
(221, 31, NULL, NULL, 'admin_index', 107, 108),
(222, 31, NULL, NULL, 'my_properties', 109, 110),
(223, 2, NULL, NULL, 'appError', 17, 18),
(224, 53, NULL, NULL, 'appError', 155, 156),
(225, 59, NULL, NULL, 'appError', 183, 184),
(226, 10, NULL, NULL, 'appError', 23, 24),
(227, 12, NULL, NULL, 'appError', 29, 30),
(228, 14, NULL, NULL, 'appError', 39, 40),
(229, 66, NULL, NULL, 'appError', 197, 198),
(230, 72, NULL, NULL, 'appError', 211, 212),
(231, 16, NULL, NULL, 'appError', 63, 64),
(232, 83, NULL, NULL, 'appError', 225, 226),
(233, 18, NULL, NULL, 'appError', 79, 80),
(234, 89, NULL, NULL, 'appError', 273, 274),
(235, 95, NULL, NULL, 'appError', 287, 288),
(236, 101, NULL, NULL, 'appError', 301, 302),
(237, 107, NULL, NULL, 'appError', 315, 316),
(238, 113, NULL, NULL, 'appError', 329, 330),
(239, 119, NULL, NULL, 'appError', 343, 344),
(240, 125, NULL, NULL, 'appError', 357, 358),
(241, 131, NULL, NULL, 'appError', 371, 372),
(242, 137, NULL, NULL, 'appError', 385, 386),
(243, 143, NULL, NULL, 'appError', 401, 402),
(244, 25, NULL, NULL, 'appError', 93, 94),
(245, 149, NULL, NULL, 'appError', 415, 416),
(246, 217, NULL, NULL, 'appError', 467, 468),
(247, 186, NULL, NULL, 'appError', 433, 434),
(248, 192, NULL, NULL, 'appError', 447, 448),
(249, 198, NULL, NULL, 'appError', 461, 462),
(250, 31, NULL, NULL, 'appError', 111, 112),
(251, 39, NULL, NULL, 'appError', 128, 129),
(252, 46, NULL, NULL, 'appError', 138, 139);

-- --------------------------------------------------------

--
-- Table structure for table `activities`
--

CREATE TABLE IF NOT EXISTS `activities` (
  `id` int(11) NOT NULL AUTO_INCREMENT,
  `name` varchar(64) NOT NULL,
  `icon` varchar(255) NOT NULL,
  `is_active` tinyint(4) NOT NULL DEFAULT '1',
  `created` datetime NOT NULL,
  `updated` datetime NOT NULL,
  PRIMARY KEY (`id`)
) ENGINE=InnoDB  DEFAULT CHARSET=latin1 AUTO_INCREMENT=19 ;

--
-- Dumping data for table `activities`
--

INSERT INTO `activities` (`id`, `name`, `icon`, `is_active`, `created`, `updated`) VALUES
(1, 'Fishing', 'files/uploads/activities/fishing.png', 1, '2013-12-20 07:48:38', '2013-12-20 07:48:38'),
(2, 'Boating', 'files/uploads/activities/boating.png', 1, '2013-12-20 07:50:02', '2013-12-20 07:50:02'),
(3, 'Golfing', 'files/uploads/activities/golf.png', 1, '2013-12-20 07:50:55', '2013-12-20 07:50:55'),
(4, 'Hiking', 'files/uploads/activities/hiking.png', 1, '2013-12-20 07:51:10', '2013-12-20 07:51:10'),
(5, 'Horseback riding', 'files/uploads/activities/horse.png', 1, '2013-12-20 08:07:15', '2013-12-20 08:07:15'),
(6, 'Scuba Diving', 'files/uploads/activities/scuba.png', 1, '2013-12-20 08:07:33', '2013-12-20 08:07:33'),
(7, 'ATV Riding', 'files/uploads/activities/atv.png', 1, '2013-12-20 08:07:52', '2013-12-20 08:07:52'),
(8, 'Para-sailing', 'files/uploads/activities/para-sailing.png', 1, '2013-12-20 08:08:18', '2013-12-20 08:08:18'),
(9, 'Massage', 'files/uploads/activities/massage.png', 1, '2013-12-20 08:08:34', '2013-12-20 08:08:34'),
(10, 'Bird Watching', 'files/uploads/activities/watching.png', 1, '2013-12-20 08:09:13', '2013-12-20 08:09:13'),
(11, 'Surfing', 'files/uploads/activities/surfing.png', 1, '2013-12-20 08:10:07', '2013-12-20 08:10:07'),
(12, 'Kayaking', 'files/uploads/activities/kayaking.png', 1, '2013-12-20 08:10:28', '2013-12-20 08:10:28'),
(13, 'Rock Climbing', 'files/uploads/activities/climbing.png', 1, '2013-12-20 08:11:01', '2013-12-20 08:11:01'),
(14, 'Whale Watching', 'files/uploads/activities/whale.png', 1, '2013-12-20 08:11:22', '2013-12-20 08:11:22'),
(15, 'Jet Skiing', 'files/uploads/activities/jet.png', 1, '2013-12-20 08:11:46', '2013-12-20 08:11:46'),
(16, 'Zip Lining', 'files/uploads/activities/lining.png', 1, '2013-12-20 08:12:15', '2013-12-20 08:12:15'),
(17, 'Historical Site Seeing', 'files/uploads/activities/history.png', 1, '2013-12-20 08:12:42', '2013-12-20 08:12:42'),
(18, 'Shopping', 'files/uploads/activities/shopping.png', 1, '2013-12-20 08:13:08', '2013-12-20 08:13:08');

-- --------------------------------------------------------

--
-- Table structure for table `advertisements`
--

CREATE TABLE IF NOT EXISTS `advertisements` (
  `id` int(11) NOT NULL AUTO_INCREMENT,
  `title` varchar(255) NOT NULL,
  `image` varchar(255) NOT NULL,
  `image_small` varchar(255) NOT NULL,
  `description1` text NOT NULL,
  `description2` text NOT NULL,
  `contact_number` varchar(50) NOT NULL,
  `price` float(7,2) NOT NULL,
  `address` varchar(150) NOT NULL,
  `is_active` tinyint(4) NOT NULL,
  `counter` tinyint(4) NOT NULL,
  `created` datetime NOT NULL,
  `updated` datetime NOT NULL,
  PRIMARY KEY (`id`)
) ENGINE=InnoDB  DEFAULT CHARSET=latin1 AUTO_INCREMENT=5 ;

--
-- Dumping data for table `advertisements`
--

INSERT INTO `advertisements` (`id`, `title`, `image`, `image_small`, `description1`, `description2`, `contact_number`, `price`, `address`, `is_active`, `counter`, `created`, `updated`) VALUES
(1, 'title2', 'files/uploads/advertisements/Chrysanthemum.jpg', 'files/uploads/advertisements/Chrysanthemum-resize-215x115-small.jpg', 'description', '', '555-555-5555', 0.00, 'address', 1, 127, '2014-01-29 08:25:02', '2014-02-25 11:48:20'),
(2, 'yrdy', 'files/uploads/advertisements/Chrysanthemum.jpg', 'files/uploads/advertisements/Chrysanthemum-resize-215x115-small.jpg', 'yrdy', '', '555-555-5555', 0.00, 'yrdy', 1, 127, '2014-02-10 07:06:54', '2014-02-25 11:48:20'),
(3, 'fdg', 'files/uploads/advertisements/Desert.jpg', 'files/uploads/advertisements/Desert-resize-215x115-small.jpg', 'dgdfg', '', '555-555-5555', 0.00, 'dg', 1, 127, '2014-02-10 07:09:58', '2014-02-25 11:48:20'),
(4, 'test', 'files/uploads/advertisements/Desert.jpg', 'files/uploads/advertisements/Desert-resize-215x115-small.jpg', 'asd', '', '555-555-5555', 0.00, 'address', 1, 127, '2014-02-10 08:43:04', '2014-02-11 09:31:38');

-- --------------------------------------------------------

--
-- Table structure for table `aros`
--

CREATE TABLE IF NOT EXISTS `aros` (
  `id` int(10) NOT NULL AUTO_INCREMENT,
  `parent_id` int(10) DEFAULT NULL,
  `model` varchar(255) DEFAULT NULL,
  `foreign_key` int(10) DEFAULT NULL,
  `alias` varchar(255) DEFAULT NULL,
  `lft` int(10) DEFAULT NULL,
  `rght` int(10) DEFAULT NULL,
  PRIMARY KEY (`id`)
) ENGINE=InnoDB  DEFAULT CHARSET=latin1 AUTO_INCREMENT=52 ;

--
-- Dumping data for table `aros`
--

INSERT INTO `aros` (`id`, `parent_id`, `model`, `foreign_key`, `alias`, `lft`, `rght`) VALUES
(1, NULL, 'Role', 1, NULL, 1, 10),
(2, NULL, 'Role', 2, NULL, 11, 98),
(3, 1, 'User', 3, NULL, 2, 3),
(5, 1, 'User', 5, NULL, 6, 7),
(6, 1, 'User', 6, NULL, 8, 9),
(7, 2, 'User', 2, NULL, 12, 13),
(8, NULL, 'Role', 3, NULL, 99, 100),
(9, NULL, 'Role', 4, NULL, 101, 102),
(10, 2, 'User', 3, NULL, 14, 15),
(11, 2, 'User', 4, NULL, 16, 17),
(12, 2, 'User', 5, NULL, 18, 19),
(13, 2, 'User', 6, NULL, 20, 21),
(14, 2, 'User', 7, NULL, 22, 23),
(15, 2, 'User', 8, NULL, 24, 25),
(16, 2, 'User', 9, NULL, 26, 27),
(17, 2, 'User', 10, NULL, 28, 29),
(18, 2, 'User', 11, NULL, 30, 31),
(19, 2, 'User', 12, NULL, 32, 33),
(20, 2, 'User', 13, NULL, 34, 35),
(21, 2, 'User', 14, NULL, 36, 37),
(22, 2, 'User', 15, NULL, 38, 39),
(23, 2, 'User', 16, NULL, 40, 41),
(24, 2, 'User', 17, NULL, 42, 43),
(25, 2, 'User', 18, NULL, 44, 45),
(26, 2, 'User', 19, NULL, 46, 47),
(27, 2, 'User', 20, NULL, 48, 49),
(28, 2, 'User', 21, NULL, 50, 51),
(29, 2, 'User', 22, NULL, 52, 53),
(30, 2, 'User', 23, NULL, 54, 55),
(31, 2, 'User', 24, NULL, 56, 57),
(32, 2, 'User', 25, NULL, 58, 59),
(33, 2, 'User', 26, NULL, 60, 61),
(34, 2, 'User', 27, NULL, 62, 63),
(35, 2, 'User', 28, NULL, 64, 65),
(36, 2, 'User', 29, NULL, 66, 67),
(37, 2, 'User', 30, NULL, 68, 69),
(38, 2, 'User', 31, NULL, 70, 71),
(39, 2, 'User', 32, NULL, 72, 73),
(40, 2, 'User', 33, NULL, 74, 75),
(41, 2, 'User', 34, NULL, 76, 77),
(42, 2, 'User', 35, NULL, 78, 79),
(43, 2, 'User', 36, NULL, 80, 81),
(44, 2, 'User', 37, NULL, 82, 83),
(45, 2, 'User', 38, NULL, 84, 85),
(46, 2, 'User', 39, NULL, 86, 87),
(47, 2, 'User', 40, NULL, 88, 89),
(48, 2, 'User', 41, NULL, 90, 91),
(49, 2, 'User', 3, NULL, 92, 93),
(50, 2, 'User', 4, NULL, 94, 95),
(51, 2, 'User', 5, NULL, 96, 97);

-- --------------------------------------------------------

--
-- Table structure for table `aros_acos`
--

CREATE TABLE IF NOT EXISTS `aros_acos` (
  `id` int(10) NOT NULL AUTO_INCREMENT,
  `aro_id` int(10) NOT NULL,
  `aco_id` int(10) NOT NULL,
  `_create` varchar(2) NOT NULL DEFAULT '0',
  `_read` varchar(2) NOT NULL DEFAULT '0',
  `_update` varchar(2) NOT NULL DEFAULT '0',
  `_delete` varchar(2) NOT NULL DEFAULT '0',
  PRIMARY KEY (`id`),
  UNIQUE KEY `ARO_ACO_KEY` (`aro_id`,`aco_id`)
) ENGINE=InnoDB  DEFAULT CHARSET=latin1 AUTO_INCREMENT=71 ;

--
-- Dumping data for table `aros_acos`
--

INSERT INTO `aros_acos` (`id`, `aro_id`, `aco_id`, `_create`, `_read`, `_update`, `_delete`) VALUES
(1, 1, 1, '1', '1', '1', '1'),
(2, 1, 2, '1', '1', '1', '1'),
(3, 1, 14, '1', '1', '1', '1'),
(4, 2, 1, '-1', '-1', '-1', '-1'),
(5, 2, 2, '-1', '-1', '-1', '-1'),
(6, 2, 14, '1', '1', '1', '1'),
(7, 8, 1, '-1', '-1', '-1', '-1'),
(8, 8, 2, '1', '1', '1', '1'),
(9, 8, 14, '1', '1', '1', '1'),
(10, 9, 1, '-1', '-1', '-1', '-1'),
(11, 9, 2, '1', '1', '1', '1'),
(12, 9, 14, '1', '1', '1', '1'),
(13, 2, 56, '1', '1', '1', '1'),
(14, 2, 92, '1', '1', '1', '1'),
(15, 2, 5, '1', '1', '1', '1'),
(16, 8, 3, '-1', '-1', '-1', '-1'),
(17, 9, 3, '-1', '-1', '-1', '-1'),
(18, 1, 3, '-1', '-1', '-1', '-1'),
(19, 1, 4, '-1', '-1', '-1', '-1'),
(20, 8, 4, '-1', '-1', '-1', '-1'),
(21, 9, 4, '-1', '-1', '-1', '-1'),
(22, 1, 5, '1', '1', '1', '1'),
(23, 8, 5, '-1', '-1', '-1', '-1'),
(24, 9, 5, '-1', '-1', '-1', '-1'),
(25, 1, 6, '-1', '-1', '-1', '-1'),
(26, 8, 6, '-1', '-1', '-1', '-1'),
(27, 9, 6, '-1', '-1', '-1', '-1'),
(28, 2, 8, '1', '1', '1', '1'),
(29, 2, 9, '1', '1', '1', '1'),
(33, 1, 159, '-1', '-1', '-1', '-1'),
(34, 8, 159, '-1', '-1', '-1', '-1'),
(35, 9, 159, '-1', '-1', '-1', '-1'),
(36, 1, 90, '-1', '-1', '-1', '-1'),
(37, 1, 91, '-1', '-1', '-1', '-1'),
(38, 2, 93, '1', '1', '1', '1'),
(39, 2, 94, '1', '1', '1', '1'),
(40, 2, 163, '1', '1', '1', '1'),
(41, 2, 167, '1', '1', '1', '1'),
(42, 2, 168, '1', '1', '1', '1'),
(43, 2, 170, '1', '1', '1', '1'),
(44, 2, 171, '1', '1', '1', '1'),
(45, 2, 174, '1', '1', '1', '1'),
(46, 2, 175, '1', '1', '1', '1'),
(47, 2, 179, '1', '1', '1', '1'),
(48, 2, 180, '1', '1', '1', '1'),
(49, 2, 181, '1', '1', '1', '1'),
(50, 2, 182, '1', '1', '1', '1'),
(51, 1, 183, '-1', '-1', '-1', '-1'),
(52, 1, 184, '-1', '-1', '-1', '-1'),
(53, 1, 213, '-1', '-1', '-1', '-1'),
(54, 1, 214, '-1', '-1', '-1', '-1'),
(55, 1, 216, '-1', '-1', '-1', '-1'),
(56, 1, 185, '-1', '-1', '-1', '-1'),
(57, 9, 15, '-1', '-1', '-1', '-1'),
(58, 8, 15, '-1', '-1', '-1', '-1'),
(59, 2, 15, '-1', '-1', '-1', '-1'),
(60, 1, 15, '-1', '-1', '-1', '-1'),
(61, 9, 160, '-1', '-1', '-1', '-1'),
(62, 8, 160, '-1', '-1', '-1', '-1'),
(63, 2, 160, '-1', '-1', '-1', '-1'),
(64, 1, 160, '-1', '-1', '-1', '-1'),
(65, 9, 206, '-1', '-1', '-1', '-1'),
(66, 8, 206, '-1', '-1', '-1', '-1'),
(67, 2, 206, '-1', '-1', '-1', '-1'),
(68, 1, 161, '-1', '-1', '-1', '-1'),
(69, 1, 162, '-1', '-1', '-1', '-1'),
(70, 1, 207, '-1', '-1', '-1', '-1');

-- --------------------------------------------------------

--
-- Table structure for table `blog`
--

CREATE TABLE IF NOT EXISTS `blog` (
  `blog_id` int(11) NOT NULL AUTO_INCREMENT,
  `title` varchar(255) NOT NULL,
  `content` text NOT NULL,
  `created_by` int(11) NOT NULL,
  `created` datetime DEFAULT NULL,
  `updated` datetime DEFAULT NULL,
  `is_published` tinyint(1) NOT NULL,
  `is_active` tinyint(1) NOT NULL,
  PRIMARY KEY (`blog_id`),
  KEY `created_by` (`created_by`)
) ENGINE=MyISAM DEFAULT CHARSET=latin1 AUTO_INCREMENT=1 ;

-- --------------------------------------------------------

--
-- Table structure for table `config`
--

CREATE TABLE IF NOT EXISTS `config` (
  `config_id` tinyint(3) NOT NULL AUTO_INCREMENT,
  `var` varchar(255) NOT NULL,
  `value` varchar(255) NOT NULL,
  PRIMARY KEY (`config_id`)
) ENGINE=MyISAM DEFAULT CHARSET=latin1 AUTO_INCREMENT=1 ;

-- --------------------------------------------------------

--
-- Table structure for table `miscellaneous_items`
--

CREATE TABLE IF NOT EXISTS `miscellaneous_items` (
  `id` int(11) NOT NULL AUTO_INCREMENT,
  `name` varchar(64) NOT NULL,
  `icon` varchar(255) NOT NULL,
  `is_active` tinyint(4) NOT NULL,
  `created` datetime NOT NULL,
  `updated` datetime NOT NULL,
  PRIMARY KEY (`id`)
) ENGINE=InnoDB  DEFAULT CHARSET=latin1 AUTO_INCREMENT=3 ;

--
-- Dumping data for table `miscellaneous_items`
--

INSERT INTO `miscellaneous_items` (`id`, `name`, `icon`, `is_active`, `created`, `updated`) VALUES
(1, 'Handicap Accessibility', 'files/uploads/miscellaneous_items/handicap.png', 0, '2014-02-13 04:26:21', '2014-02-13 04:26:21'),
(2, 'Pet friendly', 'files/uploads/miscellaneous_items/pet.png', 0, '2014-02-13 04:27:03', '2014-02-13 04:27:03');

-- --------------------------------------------------------

--
-- Table structure for table `packages`
--

CREATE TABLE IF NOT EXISTS `packages` (
  `id` int(11) NOT NULL AUTO_INCREMENT,
  `name` varchar(64) NOT NULL,
  `listing_type` enum('rent','sell') NOT NULL DEFAULT 'rent',
  `price` decimal(10,2) NOT NULL,
  `photo_limit` int(11) NOT NULL,
  `is_audio_enabled` tinyint(4) NOT NULL,
  `is_video_enabled` tinyint(4) NOT NULL,
  `is_active` tinyint(4) NOT NULL,
  `created` datetime NOT NULL,
  `updated` datetime NOT NULL,
  PRIMARY KEY (`id`)
) ENGINE=InnoDB  DEFAULT CHARSET=latin1 AUTO_INCREMENT=7 ;

--
-- Dumping data for table `packages`
--

INSERT INTO `packages` (`id`, `name`, `listing_type`, `price`, `photo_limit`, `is_audio_enabled`, `is_video_enabled`, `is_active`, `created`, `updated`) VALUES
(1, 'standard', 'rent', 0.00, 4, 0, 0, 1, '2013-12-05 12:18:11', '2013-12-05 12:18:11'),
(2, 'premium', 'rent', 99.99, 10, 1, 0, 1, '2013-12-05 12:19:06', '2013-12-05 12:19:06'),
(3, 'premium plus', 'rent', 149.99, -1, 1, 1, 1, '2013-12-05 12:19:47', '2013-12-05 12:19:47'),
(4, 'standard', 'sell', 199.99, 4, 0, 0, 1, '2013-12-05 12:20:38', '2013-12-05 12:20:38'),
(5, 'premium', 'sell', 299.99, 10, 1, 0, 1, '2013-12-05 12:21:04', '2013-12-05 12:21:04'),
(6, 'premium plus', 'sell', 349.99, -1, 1, 1, 1, '2013-12-05 12:21:39', '2013-12-05 12:21:39');

-- --------------------------------------------------------

--
-- Table structure for table `pages`
--

CREATE TABLE IF NOT EXISTS `pages` (
  `id` int(11) NOT NULL AUTO_INCREMENT,
  `title` varchar(255) NOT NULL,
  `slug` varchar(255) NOT NULL,
  `content` longtext NOT NULL,
  `created` datetime NOT NULL,
  `updated` datetime NOT NULL,
  PRIMARY KEY (`id`)
) ENGINE=InnoDB  DEFAULT CHARSET=latin1 AUTO_INCREMENT=166 ;

--
-- Dumping data for table `pages`
--

INSERT INTO `pages` (`id`, `title`, `slug`, `content`, `created`, `updated`) VALUES
(1, 'Cabo Pulmo', 'cabo_pulmo', 'For a relaxed tropical paradise, Acapulco certainly is vibrant one --as a matter of fact, it literally never sleeps. With non-stop nightlife, great shopping centers and restaurants, this bustling seaside resort is alive and Sed ut perspiciatis unde omnis iste natus error sit voluptatem accusantium doloremque laudantium, totam rem aperiam, eaque ipsa quae ab illo inventore veritatis et quasi architecto beatae vitae dicta sunt explicabo. Nemo enim ipsam voluptatem quia voluptas sit aspernatur aut odit aut fugit, sed quia consequuntur magni dolores eos qui ratione voluptatem sequi nesciunt. Neque porro quisquam est, qui dolorem ipsum quia dolor sit amet, consectetur, adipisci velit, sed quia non numquam eius modi tempora incidunt ut labore et dolore magnam aliquam quaerat voluptatem. Ut enim ad minima veniam, quis nostrum exercitationem ullam corporis suscipit laboriosam, nisi ut aliquid ex ea commodi consequatur? Quis autem vel eum iure reprehenderit qui in ea voluptate velit esse quam nihil molestiae consequatur, vel illum qui dolorem eum fugiat quo voluptas nulla pariatur.', '2014-02-11 09:37:21', '2014-02-11 09:37:21'),
(2, 'Boca del Salado', 'boca_del_salado', 'For a relaxed tropical paradise, Acapulco certainly is vibrant one --as a matter of fact, it literally never sleeps. With non-stop nightlife, great shopping centers and restaurants, this bustling seaside resort is alive and Sed ut perspiciatis unde omnis iste natus error sit voluptatem accusantium doloremque laudantium, totam rem aperiam, eaque ipsa quae ab illo inventore veritatis et quasi architecto beatae vitae dicta sunt explicabo. Nemo enim ipsam voluptatem quia voluptas sit aspernatur aut odit aut fugit, sed quia consequuntur magni dolores eos qui ratione voluptatem sequi nesciunt. Neque porro quisquam est, qui dolorem ipsum quia dolor sit amet, consectetur, adipisci velit, sed quia non numquam eius modi tempora incidunt ut labore et dolore magnam aliquam quaerat voluptatem. Ut enim ad minima veniam, quis nostrum exercitationem ullam corporis suscipit laboriosam, nisi ut aliquid ex ea commodi consequatur? Quis autem vel eum iure reprehenderit qui in ea voluptate velit esse quam nihil molestiae consequatur, vel illum qui dolorem eum fugiat quo voluptas nulla pariatur.', '2014-02-11 09:37:21', '2014-02-11 09:37:21'),
(3, 'Cabo San Lucas', 'cabo_san_lucas', 'For a relaxed tropical paradise, Acapulco certainly is vibrant one --as a matter of fact, it literally never sleeps. With non-stop nightlife, great shopping centers and restaurants, this bustling seaside resort is alive and Sed ut perspiciatis unde omnis iste natus error sit voluptatem accusantium doloremque laudantium, totam rem aperiam, eaque ipsa quae ab illo inventore veritatis et quasi architecto beatae vitae dicta sunt explicabo. Nemo enim ipsam voluptatem quia voluptas sit aspernatur aut odit aut fugit, sed quia consequuntur magni dolores eos qui ratione voluptatem sequi nesciunt. Neque porro quisquam est, qui dolorem ipsum quia dolor sit amet, consectetur, adipisci velit, sed quia non numquam eius modi tempora incidunt ut labore et dolore magnam aliquam quaerat voluptatem. Ut enim ad minima veniam, quis nostrum exercitationem ullam corporis suscipit laboriosam, nisi ut aliquid ex ea commodi consequatur? Quis autem vel eum iure reprehenderit qui in ea voluptate velit esse quam nihil molestiae consequatur, vel illum qui dolorem eum fugiat quo voluptas nulla pariatur.', '2014-02-11 09:37:21', '2014-02-11 09:37:21'),
(4, 'Bahia de los Suenos', 'bahia_de_los_suenos', 'For a relaxed tropical paradise, Acapulco certainly is vibrant one --as a matter of fact, it literally never sleeps. With non-stop nightlife, great shopping centers and restaurants, this bustling seaside resort is alive and Sed ut perspiciatis unde omnis iste natus error sit voluptatem accusantium doloremque laudantium, totam rem aperiam, eaque ipsa quae ab illo inventore veritatis et quasi architecto beatae vitae dicta sunt explicabo. Nemo enim ipsam voluptatem quia voluptas sit aspernatur aut odit aut fugit, sed quia consequuntur magni dolores eos qui ratione voluptatem sequi nesciunt. Neque porro quisquam est, qui dolorem ipsum quia dolor sit amet, consectetur, adipisci velit, sed quia non numquam eius modi tempora incidunt ut labore et dolore magnam aliquam quaerat voluptatem. Ut enim ad minima veniam, quis nostrum exercitationem ullam corporis suscipit laboriosam, nisi ut aliquid ex ea commodi consequatur? Quis autem vel eum iure reprehenderit qui in ea voluptate velit esse quam nihil molestiae consequatur, vel illum qui dolorem eum fugiat quo voluptas nulla pariatur.', '2014-02-11 09:37:21', '2014-02-11 09:37:21'),
(5, 'El Pescadero', 'el_pescadero', 'For a relaxed tropical paradise, Acapulco certainly is vibrant one --as a matter of fact, it literally never sleeps. With non-stop nightlife, great shopping centers and restaurants, this bustling seaside resort is alive and Sed ut perspiciatis unde omnis iste natus error sit voluptatem accusantium doloremque laudantium, totam rem aperiam, eaque ipsa quae ab illo inventore veritatis et quasi architecto beatae vitae dicta sunt explicabo. Nemo enim ipsam voluptatem quia voluptas sit aspernatur aut odit aut fugit, sed quia consequuntur magni dolores eos qui ratione voluptatem sequi nesciunt. Neque porro quisquam est, qui dolorem ipsum quia dolor sit amet, consectetur, adipisci velit, sed quia non numquam eius modi tempora incidunt ut labore et dolore magnam aliquam quaerat voluptatem. Ut enim ad minima veniam, quis nostrum exercitationem ullam corporis suscipit laboriosam, nisi ut aliquid ex ea commodi consequatur? Quis autem vel eum iure reprehenderit qui in ea voluptate velit esse quam nihil molestiae consequatur, vel illum qui dolorem eum fugiat quo voluptas nulla pariatur.', '2014-02-11 09:37:21', '2014-02-11 09:37:21'),
(6, 'El Centenario', 'el_centenario', 'For a relaxed tropical paradise, Acapulco certainly is vibrant one --as a matter of fact, it literally never sleeps. With non-stop nightlife, great shopping centers and restaurants, this bustling seaside resort is alive and Sed ut perspiciatis unde omnis iste natus error sit voluptatem accusantium doloremque laudantium, totam rem aperiam, eaque ipsa quae ab illo inventore veritatis et quasi architecto beatae vitae dicta sunt explicabo. Nemo enim ipsam voluptatem quia voluptas sit aspernatur aut odit aut fugit, sed quia consequuntur magni dolores eos qui ratione voluptatem sequi nesciunt. Neque porro quisquam est, qui dolorem ipsum quia dolor sit amet, consectetur, adipisci velit, sed quia non numquam eius modi tempora incidunt ut labore et dolore magnam aliquam quaerat voluptatem. Ut enim ad minima veniam, quis nostrum exercitationem ullam corporis suscipit laboriosam, nisi ut aliquid ex ea commodi consequatur? Quis autem vel eum iure reprehenderit qui in ea voluptate velit esse quam nihil molestiae consequatur, vel illum qui dolorem eum fugiat quo voluptas nulla pariatur.', '2014-02-11 09:37:21', '2014-02-11 09:37:21'),
(7, 'La Paz', 'la_paz', 'For a relaxed tropical paradise, Acapulco certainly is vibrant one --as a matter of fact, it literally never sleeps. With non-stop nightlife, great shopping centers and restaurants, this bustling seaside resort is alive and Sed ut perspiciatis unde omnis iste natus error sit voluptatem accusantium doloremque laudantium, totam rem aperiam, eaque ipsa quae ab illo inventore veritatis et quasi architecto beatae vitae dicta sunt explicabo. Nemo enim ipsam voluptatem quia voluptas sit aspernatur aut odit aut fugit, sed quia consequuntur magni dolores eos qui ratione voluptatem sequi nesciunt. Neque porro quisquam est, qui dolorem ipsum quia dolor sit amet, consectetur, adipisci velit, sed quia non numquam eius modi tempora incidunt ut labore et dolore magnam aliquam quaerat voluptatem. Ut enim ad minima veniam, quis nostrum exercitationem ullam corporis suscipit laboriosam, nisi ut aliquid ex ea commodi consequatur? Quis autem vel eum iure reprehenderit qui in ea voluptate velit esse quam nihil molestiae consequatur, vel illum qui dolorem eum fugiat quo voluptas nulla pariatur.', '2014-02-11 09:37:21', '2014-02-11 09:37:21'),
(8, 'La Ribera', 'la_ribera', 'For a relaxed tropical paradise, Acapulco certainly is vibrant one --as a matter of fact, it literally never sleeps. With non-stop nightlife, great shopping centers and restaurants, this bustling seaside resort is alive and Sed ut perspiciatis unde omnis iste natus error sit voluptatem accusantium doloremque laudantium, totam rem aperiam, eaque ipsa quae ab illo inventore veritatis et quasi architecto beatae vitae dicta sunt explicabo. Nemo enim ipsam voluptatem quia voluptas sit aspernatur aut odit aut fugit, sed quia consequuntur magni dolores eos qui ratione voluptatem sequi nesciunt. Neque porro quisquam est, qui dolorem ipsum quia dolor sit amet, consectetur, adipisci velit, sed quia non numquam eius modi tempora incidunt ut labore et dolore magnam aliquam quaerat voluptatem. Ut enim ad minima veniam, quis nostrum exercitationem ullam corporis suscipit laboriosam, nisi ut aliquid ex ea commodi consequatur? Quis autem vel eum iure reprehenderit qui in ea voluptate velit esse quam nihil molestiae consequatur, vel illum qui dolorem eum fugiat quo voluptas nulla pariatur.', '2014-02-11 09:37:21', '2014-02-11 09:37:21'),
(9, 'La Ventana', 'la_ventana', 'For a relaxed tropical paradise, Acapulco certainly is vibrant one --as a matter of fact, it literally never sleeps. With non-stop nightlife, great shopping centers and restaurants, this bustling seaside resort is alive and Sed ut perspiciatis unde omnis iste natus error sit voluptatem accusantium doloremque laudantium, totam rem aperiam, eaque ipsa quae ab illo inventore veritatis et quasi architecto beatae vitae dicta sunt explicabo. Nemo enim ipsam voluptatem quia voluptas sit aspernatur aut odit aut fugit, sed quia consequuntur magni dolores eos qui ratione voluptatem sequi nesciunt. Neque porro quisquam est, qui dolorem ipsum quia dolor sit amet, consectetur, adipisci velit, sed quia non numquam eius modi tempora incidunt ut labore et dolore magnam aliquam quaerat voluptatem. Ut enim ad minima veniam, quis nostrum exercitationem ullam corporis suscipit laboriosam, nisi ut aliquid ex ea commodi consequatur? Quis autem vel eum iure reprehenderit qui in ea voluptate velit esse quam nihil molestiae consequatur, vel illum qui dolorem eum fugiat quo voluptas nulla pariatur.', '2014-02-11 09:37:21', '2014-02-11 09:37:21'),
(10, 'Las Vinoramas', 'las_vinoramas', 'For a relaxed tropical paradise, Acapulco certainly is vibrant one --as a matter of fact, it literally never sleeps. With non-stop nightlife, great shopping centers and restaurants, this bustling seaside resort is alive and Sed ut perspiciatis unde omnis iste natus error sit voluptatem accusantium doloremque laudantium, totam rem aperiam, eaque ipsa quae ab illo inventore veritatis et quasi architecto beatae vitae dicta sunt explicabo. Nemo enim ipsam voluptatem quia voluptas sit aspernatur aut odit aut fugit, sed quia consequuntur magni dolores eos qui ratione voluptatem sequi nesciunt. Neque porro quisquam est, qui dolorem ipsum quia dolor sit amet, consectetur, adipisci velit, sed quia non numquam eius modi tempora incidunt ut labore et dolore magnam aliquam quaerat voluptatem. Ut enim ad minima veniam, quis nostrum exercitationem ullam corporis suscipit laboriosam, nisi ut aliquid ex ea commodi consequatur? Quis autem vel eum iure reprehenderit qui in ea voluptate velit esse quam nihil molestiae consequatur, vel illum qui dolorem eum fugiat quo voluptas nulla pariatur.', '2014-02-11 09:37:22', '2014-02-11 09:37:22'),
(11, 'Loreto', 'loreto', 'For a relaxed tropical paradise, Acapulco certainly is vibrant one --as a matter of fact, it literally never sleeps. With non-stop nightlife, great shopping centers and restaurants, this bustling seaside resort is alive and Sed ut perspiciatis unde omnis iste natus error sit voluptatem accusantium doloremque laudantium, totam rem aperiam, eaque ipsa quae ab illo inventore veritatis et quasi architecto beatae vitae dicta sunt explicabo. Nemo enim ipsam voluptatem quia voluptas sit aspernatur aut odit aut fugit, sed quia consequuntur magni dolores eos qui ratione voluptatem sequi nesciunt. Neque porro quisquam est, qui dolorem ipsum quia dolor sit amet, consectetur, adipisci velit, sed quia non numquam eius modi tempora incidunt ut labore et dolore magnam aliquam quaerat voluptatem. Ut enim ad minima veniam, quis nostrum exercitationem ullam corporis suscipit laboriosam, nisi ut aliquid ex ea commodi consequatur? Quis autem vel eum iure reprehenderit qui in ea voluptate velit esse quam nihil molestiae consequatur, vel illum qui dolorem eum fugiat quo voluptas nulla pariatur.', '2014-02-11 09:37:22', '2014-02-11 09:37:22'),
(12, 'Los Barriles', 'los_barriles', 'For a relaxed tropical paradise, Acapulco certainly is vibrant one --as a matter of fact, it literally never sleeps. With non-stop nightlife, great shopping centers and restaurants, this bustling seaside resort is alive and Sed ut perspiciatis unde omnis iste natus error sit voluptatem accusantium doloremque laudantium, totam rem aperiam, eaque ipsa quae ab illo inventore veritatis et quasi architecto beatae vitae dicta sunt explicabo. Nemo enim ipsam voluptatem quia voluptas sit aspernatur aut odit aut fugit, sed quia consequuntur magni dolores eos qui ratione voluptatem sequi nesciunt. Neque porro quisquam est, qui dolorem ipsum quia dolor sit amet, consectetur, adipisci velit, sed quia non numquam eius modi tempora incidunt ut labore et dolore magnam aliquam quaerat voluptatem. Ut enim ad minima veniam, quis nostrum exercitationem ullam corporis suscipit laboriosam, nisi ut aliquid ex ea commodi consequatur? Quis autem vel eum iure reprehenderit qui in ea voluptate velit esse quam nihil molestiae consequatur, vel illum qui dolorem eum fugiat quo voluptas nulla pariatur.', '2014-02-11 09:37:22', '2014-02-11 09:37:22'),
(13, 'Los Cabos', 'los_cabos', 'For a relaxed tropical paradise, Acapulco certainly is vibrant one --as a matter of fact, it literally never sleeps. With non-stop nightlife, great shopping centers and restaurants, this bustling seaside resort is alive and Sed ut perspiciatis unde omnis iste natus error sit voluptatem accusantium doloremque laudantium, totam rem aperiam, eaque ipsa quae ab illo inventore veritatis et quasi architecto beatae vitae dicta sunt explicabo. Nemo enim ipsam voluptatem quia voluptas sit aspernatur aut odit aut fugit, sed quia consequuntur magni dolores eos qui ratione voluptatem sequi nesciunt. Neque porro quisquam est, qui dolorem ipsum quia dolor sit amet, consectetur, adipisci velit, sed quia non numquam eius modi tempora incidunt ut labore et dolore magnam aliquam quaerat voluptatem. Ut enim ad minima veniam, quis nostrum exercitationem ullam corporis suscipit laboriosam, nisi ut aliquid ex ea commodi consequatur? Quis autem vel eum iure reprehenderit qui in ea voluptate velit esse quam nihil molestiae consequatur, vel illum qui dolorem eum fugiat quo voluptas nulla pariatur.', '2014-02-11 09:37:22', '2014-02-11 09:37:22'),
(14, 'Los Frailes', 'los_frailes', 'For a relaxed tropical paradise, Acapulco certainly is vibrant one --as a matter of fact, it literally never sleeps. With non-stop nightlife, great shopping centers and restaurants, this bustling seaside resort is alive and Sed ut perspiciatis unde omnis iste natus error sit voluptatem accusantium doloremque laudantium, totam rem aperiam, eaque ipsa quae ab illo inventore veritatis et quasi architecto beatae vitae dicta sunt explicabo. Nemo enim ipsam voluptatem quia voluptas sit aspernatur aut odit aut fugit, sed quia consequuntur magni dolores eos qui ratione voluptatem sequi nesciunt. Neque porro quisquam est, qui dolorem ipsum quia dolor sit amet, consectetur, adipisci velit, sed quia non numquam eius modi tempora incidunt ut labore et dolore magnam aliquam quaerat voluptatem. Ut enim ad minima veniam, quis nostrum exercitationem ullam corporis suscipit laboriosam, nisi ut aliquid ex ea commodi consequatur? Quis autem vel eum iure reprehenderit qui in ea voluptate velit esse quam nihil molestiae consequatur, vel illum qui dolorem eum fugiat quo voluptas nulla pariatur.', '2014-02-11 09:37:22', '2014-02-11 09:37:22'),
(15, 'Los Zacatitos', 'los_zacatitos', 'For a relaxed tropical paradise, Acapulco certainly is vibrant one --as a matter of fact, it literally never sleeps. With non-stop nightlife, great shopping centers and restaurants, this bustling seaside resort is alive and Sed ut perspiciatis unde omnis iste natus error sit voluptatem accusantium doloremque laudantium, totam rem aperiam, eaque ipsa quae ab illo inventore veritatis et quasi architecto beatae vitae dicta sunt explicabo. Nemo enim ipsam voluptatem quia voluptas sit aspernatur aut odit aut fugit, sed quia consequuntur magni dolores eos qui ratione voluptatem sequi nesciunt. Neque porro quisquam est, qui dolorem ipsum quia dolor sit amet, consectetur, adipisci velit, sed quia non numquam eius modi tempora incidunt ut labore et dolore magnam aliquam quaerat voluptatem. Ut enim ad minima veniam, quis nostrum exercitationem ullam corporis suscipit laboriosam, nisi ut aliquid ex ea commodi consequatur? Quis autem vel eum iure reprehenderit qui in ea voluptate velit esse quam nihil molestiae consequatur, vel illum qui dolorem eum fugiat quo voluptas nulla pariatur.', '2014-02-11 09:37:22', '2014-02-11 09:37:22'),
(16, 'Mulege', 'mulege', 'For a relaxed tropical paradise, Acapulco certainly is vibrant one --as a matter of fact, it literally never sleeps. With non-stop nightlife, great shopping centers and restaurants, this bustling seaside resort is alive and Sed ut perspiciatis unde omnis iste natus error sit voluptatem accusantium doloremque laudantium, totam rem aperiam, eaque ipsa quae ab illo inventore veritatis et quasi architecto beatae vitae dicta sunt explicabo. Nemo enim ipsam voluptatem quia voluptas sit aspernatur aut odit aut fugit, sed quia consequuntur magni dolores eos qui ratione voluptatem sequi nesciunt. Neque porro quisquam est, qui dolorem ipsum quia dolor sit amet, consectetur, adipisci velit, sed quia non numquam eius modi tempora incidunt ut labore et dolore magnam aliquam quaerat voluptatem. Ut enim ad minima veniam, quis nostrum exercitationem ullam corporis suscipit laboriosam, nisi ut aliquid ex ea commodi consequatur? Quis autem vel eum iure reprehenderit qui in ea voluptate velit esse quam nihil molestiae consequatur, vel illum qui dolorem eum fugiat quo voluptas nulla pariatur.', '2014-02-11 09:37:22', '2014-02-11 09:37:22'),
(17, 'Nopolo', 'nopolo', 'For a relaxed tropical paradise, Acapulco certainly is vibrant one --as a matter of fact, it literally never sleeps. With non-stop nightlife, great shopping centers and restaurants, this bustling seaside resort is alive and Sed ut perspiciatis unde omnis iste natus error sit voluptatem accusantium doloremque laudantium, totam rem aperiam, eaque ipsa quae ab illo inventore veritatis et quasi architecto beatae vitae dicta sunt explicabo. Nemo enim ipsam voluptatem quia voluptas sit aspernatur aut odit aut fugit, sed quia consequuntur magni dolores eos qui ratione voluptatem sequi nesciunt. Neque porro quisquam est, qui dolorem ipsum quia dolor sit amet, consectetur, adipisci velit, sed quia non numquam eius modi tempora incidunt ut labore et dolore magnam aliquam quaerat voluptatem. Ut enim ad minima veniam, quis nostrum exercitationem ullam corporis suscipit laboriosam, nisi ut aliquid ex ea commodi consequatur? Quis autem vel eum iure reprehenderit qui in ea voluptate velit esse quam nihil molestiae consequatur, vel illum qui dolorem eum fugiat quo voluptas nulla pariatur.', '2014-02-11 09:37:22', '2014-02-11 09:37:22'),
(18, 'Punta Chivato', 'punta_chivato', 'For a relaxed tropical paradise, Acapulco certainly is vibrant one --as a matter of fact, it literally never sleeps. With non-stop nightlife, great shopping centers and restaurants, this bustling seaside resort is alive and Sed ut perspiciatis unde omnis iste natus error sit voluptatem accusantium doloremque laudantium, totam rem aperiam, eaque ipsa quae ab illo inventore veritatis et quasi architecto beatae vitae dicta sunt explicabo. Nemo enim ipsam voluptatem quia voluptas sit aspernatur aut odit aut fugit, sed quia consequuntur magni dolores eos qui ratione voluptatem sequi nesciunt. Neque porro quisquam est, qui dolorem ipsum quia dolor sit amet, consectetur, adipisci velit, sed quia non numquam eius modi tempora incidunt ut labore et dolore magnam aliquam quaerat voluptatem. Ut enim ad minima veniam, quis nostrum exercitationem ullam corporis suscipit laboriosam, nisi ut aliquid ex ea commodi consequatur? Quis autem vel eum iure reprehenderit qui in ea voluptate velit esse quam nihil molestiae consequatur, vel illum qui dolorem eum fugiat quo voluptas nulla pariatur.', '2014-02-11 09:37:22', '2014-02-11 09:37:22'),
(19, 'Rancho Leonero', 'rancho_leonero', 'For a relaxed tropical paradise, Acapulco certainly is vibrant one --as a matter of fact, it literally never sleeps. With non-stop nightlife, great shopping centers and restaurants, this bustling seaside resort is alive and Sed ut perspiciatis unde omnis iste natus error sit voluptatem accusantium doloremque laudantium, totam rem aperiam, eaque ipsa quae ab illo inventore veritatis et quasi architecto beatae vitae dicta sunt explicabo. Nemo enim ipsam voluptatem quia voluptas sit aspernatur aut odit aut fugit, sed quia consequuntur magni dolores eos qui ratione voluptatem sequi nesciunt. Neque porro quisquam est, qui dolorem ipsum quia dolor sit amet, consectetur, adipisci velit, sed quia non numquam eius modi tempora incidunt ut labore et dolore magnam aliquam quaerat voluptatem. Ut enim ad minima veniam, quis nostrum exercitationem ullam corporis suscipit laboriosam, nisi ut aliquid ex ea commodi consequatur? Quis autem vel eum iure reprehenderit qui in ea voluptate velit esse quam nihil molestiae consequatur, vel illum qui dolorem eum fugiat quo voluptas nulla pariatur.', '2014-02-11 09:37:22', '2014-02-11 09:37:22'),
(20, 'San Bruno', 'san_bruno', 'For a relaxed tropical paradise, Acapulco certainly is vibrant one --as a matter of fact, it literally never sleeps. With non-stop nightlife, great shopping centers and restaurants, this bustling seaside resort is alive and Sed ut perspiciatis unde omnis iste natus error sit voluptatem accusantium doloremque laudantium, totam rem aperiam, eaque ipsa quae ab illo inventore veritatis et quasi architecto beatae vitae dicta sunt explicabo. Nemo enim ipsam voluptatem quia voluptas sit aspernatur aut odit aut fugit, sed quia consequuntur magni dolores eos qui ratione voluptatem sequi nesciunt. Neque porro quisquam est, qui dolorem ipsum quia dolor sit amet, consectetur, adipisci velit, sed quia non numquam eius modi tempora incidunt ut labore et dolore magnam aliquam quaerat voluptatem. Ut enim ad minima veniam, quis nostrum exercitationem ullam corporis suscipit laboriosam, nisi ut aliquid ex ea commodi consequatur? Quis autem vel eum iure reprehenderit qui in ea voluptate velit esse quam nihil molestiae consequatur, vel illum qui dolorem eum fugiat quo voluptas nulla pariatur.', '2014-02-11 09:37:22', '2014-02-11 09:37:22'),
(21, 'San Jose del Cabo', 'san_jose_del_cabo', 'For a relaxed tropical paradise, Acapulco certainly is vibrant one --as a matter of fact, it literally never sleeps. With non-stop nightlife, great shopping centers and restaurants, this bustling seaside resort is alive and Sed ut perspiciatis unde omnis iste natus error sit voluptatem accusantium doloremque laudantium, totam rem aperiam, eaque ipsa quae ab illo inventore veritatis et quasi architecto beatae vitae dicta sunt explicabo. Nemo enim ipsam voluptatem quia voluptas sit aspernatur aut odit aut fugit, sed quia consequuntur magni dolores eos qui ratione voluptatem sequi nesciunt. Neque porro quisquam est, qui dolorem ipsum quia dolor sit amet, consectetur, adipisci velit, sed quia non numquam eius modi tempora incidunt ut labore et dolore magnam aliquam quaerat voluptatem. Ut enim ad minima veniam, quis nostrum exercitationem ullam corporis suscipit laboriosam, nisi ut aliquid ex ea commodi consequatur? Quis autem vel eum iure reprehenderit qui in ea voluptate velit esse quam nihil molestiae consequatur, vel illum qui dolorem eum fugiat quo voluptas nulla pariatur.', '2014-02-11 09:37:22', '2014-02-11 09:37:22'),
(22, 'Todos Santos', 'todos_santos', 'For a relaxed tropical paradise, Acapulco certainly is vibrant one --as a matter of fact, it literally never sleeps. With non-stop nightlife, great shopping centers and restaurants, this bustling seaside resort is alive and Sed ut perspiciatis unde omnis iste natus error sit voluptatem accusantium doloremque laudantium, totam rem aperiam, eaque ipsa quae ab illo inventore veritatis et quasi architecto beatae vitae dicta sunt explicabo. Nemo enim ipsam voluptatem quia voluptas sit aspernatur aut odit aut fugit, sed quia consequuntur magni dolores eos qui ratione voluptatem sequi nesciunt. Neque porro quisquam est, qui dolorem ipsum quia dolor sit amet, consectetur, adipisci velit, sed quia non numquam eius modi tempora incidunt ut labore et dolore magnam aliquam quaerat voluptatem. Ut enim ad minima veniam, quis nostrum exercitationem ullam corporis suscipit laboriosam, nisi ut aliquid ex ea commodi consequatur? Quis autem vel eum iure reprehenderit qui in ea voluptate velit esse quam nihil molestiae consequatur, vel illum qui dolorem eum fugiat quo voluptas nulla pariatur.', '2014-02-11 09:37:22', '2014-02-11 09:37:22'),
(23, 'Bajamar', 'bajamar', 'For a relaxed tropical paradise, Acapulco certainly is vibrant one --as a matter of fact, it literally never sleeps. With non-stop nightlife, great shopping centers and restaurants, this bustling seaside resort is alive and Sed ut perspiciatis unde omnis iste natus error sit voluptatem accusantium doloremque laudantium, totam rem aperiam, eaque ipsa quae ab illo inventore veritatis et quasi architecto beatae vitae dicta sunt explicabo. Nemo enim ipsam voluptatem quia voluptas sit aspernatur aut odit aut fugit, sed quia consequuntur magni dolores eos qui ratione voluptatem sequi nesciunt. Neque porro quisquam est, qui dolorem ipsum quia dolor sit amet, consectetur, adipisci velit, sed quia non numquam eius modi tempora incidunt ut labore et dolore magnam aliquam quaerat voluptatem. Ut enim ad minima veniam, quis nostrum exercitationem ullam corporis suscipit laboriosam, nisi ut aliquid ex ea commodi consequatur? Quis autem vel eum iure reprehenderit qui in ea voluptate velit esse quam nihil molestiae consequatur, vel illum qui dolorem eum fugiat quo voluptas nulla pariatur.', '2014-02-11 09:37:23', '2014-02-11 09:37:23'),
(24, 'Ensenada', 'ensenada', 'For a relaxed tropical paradise, Acapulco certainly is vibrant one --as a matter of fact, it literally never sleeps. With non-stop nightlife, great shopping centers and restaurants, this bustling seaside resort is alive and Sed ut perspiciatis unde omnis iste natus error sit voluptatem accusantium doloremque laudantium, totam rem aperiam, eaque ipsa quae ab illo inventore veritatis et quasi architecto beatae vitae dicta sunt explicabo. Nemo enim ipsam voluptatem quia voluptas sit aspernatur aut odit aut fugit, sed quia consequuntur magni dolores eos qui ratione voluptatem sequi nesciunt. Neque porro quisquam est, qui dolorem ipsum quia dolor sit amet, consectetur, adipisci velit, sed quia non numquam eius modi tempora incidunt ut labore et dolore magnam aliquam quaerat voluptatem. Ut enim ad minima veniam, quis nostrum exercitationem ullam corporis suscipit laboriosam, nisi ut aliquid ex ea commodi consequatur? Quis autem vel eum iure reprehenderit qui in ea voluptate velit esse quam nihil molestiae consequatur, vel illum qui dolorem eum fugiat quo voluptas nulla pariatur.', '2014-02-11 09:37:23', '2014-02-11 09:37:23'),
(25, 'Mexicali', 'mexicali', 'For a relaxed tropical paradise, Acapulco certainly is vibrant one --as a matter of fact, it literally never sleeps. With non-stop nightlife, great shopping centers and restaurants, this bustling seaside resort is alive and Sed ut perspiciatis unde omnis iste natus error sit voluptatem accusantium doloremque laudantium, totam rem aperiam, eaque ipsa quae ab illo inventore veritatis et quasi architecto beatae vitae dicta sunt explicabo. Nemo enim ipsam voluptatem quia voluptas sit aspernatur aut odit aut fugit, sed quia consequuntur magni dolores eos qui ratione voluptatem sequi nesciunt. Neque porro quisquam est, qui dolorem ipsum quia dolor sit amet, consectetur, adipisci velit, sed quia non numquam eius modi tempora incidunt ut labore et dolore magnam aliquam quaerat voluptatem. Ut enim ad minima veniam, quis nostrum exercitationem ullam corporis suscipit laboriosam, nisi ut aliquid ex ea commodi consequatur? Quis autem vel eum iure reprehenderit qui in ea voluptate velit esse quam nihil molestiae consequatur, vel illum qui dolorem eum fugiat quo voluptas nulla pariatur.', '2014-02-11 09:37:23', '2014-02-11 09:37:23'),
(26, 'Puerto Nuevo', 'puerto_nuevo', 'For a relaxed tropical paradise, Acapulco certainly is vibrant one --as a matter of fact, it literally never sleeps. With non-stop nightlife, great shopping centers and restaurants, this bustling seaside resort is alive and Sed ut perspiciatis unde omnis iste natus error sit voluptatem accusantium doloremque laudantium, totam rem aperiam, eaque ipsa quae ab illo inventore veritatis et quasi architecto beatae vitae dicta sunt explicabo. Nemo enim ipsam voluptatem quia voluptas sit aspernatur aut odit aut fugit, sed quia consequuntur magni dolores eos qui ratione voluptatem sequi nesciunt. Neque porro quisquam est, qui dolorem ipsum quia dolor sit amet, consectetur, adipisci velit, sed quia non numquam eius modi tempora incidunt ut labore et dolore magnam aliquam quaerat voluptatem. Ut enim ad minima veniam, quis nostrum exercitationem ullam corporis suscipit laboriosam, nisi ut aliquid ex ea commodi consequatur? Quis autem vel eum iure reprehenderit qui in ea voluptate velit esse quam nihil molestiae consequatur, vel illum qui dolorem eum fugiat quo voluptas nulla pariatur.', '2014-02-11 09:37:23', '2014-02-11 09:37:23'),
(27, 'Punta Banda', 'punta_banda', 'For a relaxed tropical paradise, Acapulco certainly is vibrant one --as a matter of fact, it literally never sleeps. With non-stop nightlife, great shopping centers and restaurants, this bustling seaside resort is alive and Sed ut perspiciatis unde omnis iste natus error sit voluptatem accusantium doloremque laudantium, totam rem aperiam, eaque ipsa quae ab illo inventore veritatis et quasi architecto beatae vitae dicta sunt explicabo. Nemo enim ipsam voluptatem quia voluptas sit aspernatur aut odit aut fugit, sed quia consequuntur magni dolores eos qui ratione voluptatem sequi nesciunt. Neque porro quisquam est, qui dolorem ipsum quia dolor sit amet, consectetur, adipisci velit, sed quia non numquam eius modi tempora incidunt ut labore et dolore magnam aliquam quaerat voluptatem. Ut enim ad minima veniam, quis nostrum exercitationem ullam corporis suscipit laboriosam, nisi ut aliquid ex ea commodi consequatur? Quis autem vel eum iure reprehenderit qui in ea voluptate velit esse quam nihil molestiae consequatur, vel illum qui dolorem eum fugiat quo voluptas nulla pariatur.', '2014-02-11 09:37:23', '2014-02-11 09:37:23'),
(28, 'Rosarito', 'rosarito', 'For a relaxed tropical paradise, Acapulco certainly is vibrant one --as a matter of fact, it literally never sleeps. With non-stop nightlife, great shopping centers and restaurants, this bustling seaside resort is alive and Sed ut perspiciatis unde omnis iste natus error sit voluptatem accusantium doloremque laudantium, totam rem aperiam, eaque ipsa quae ab illo inventore veritatis et quasi architecto beatae vitae dicta sunt explicabo. Nemo enim ipsam voluptatem quia voluptas sit aspernatur aut odit aut fugit, sed quia consequuntur magni dolores eos qui ratione voluptatem sequi nesciunt. Neque porro quisquam est, qui dolorem ipsum quia dolor sit amet, consectetur, adipisci velit, sed quia non numquam eius modi tempora incidunt ut labore et dolore magnam aliquam quaerat voluptatem. Ut enim ad minima veniam, quis nostrum exercitationem ullam corporis suscipit laboriosam, nisi ut aliquid ex ea commodi consequatur? Quis autem vel eum iure reprehenderit qui in ea voluptate velit esse quam nihil molestiae consequatur, vel illum qui dolorem eum fugiat quo voluptas nulla pariatur.', '2014-02-11 09:37:23', '2014-02-11 09:37:23'),
(29, 'San Felipe', 'san_felipe', 'For a relaxed tropical paradise, Acapulco certainly is vibrant one --as a matter of fact, it literally never sleeps. With non-stop nightlife, great shopping centers and restaurants, this bustling seaside resort is alive and Sed ut perspiciatis unde omnis iste natus error sit voluptatem accusantium doloremque laudantium, totam rem aperiam, eaque ipsa quae ab illo inventore veritatis et quasi architecto beatae vitae dicta sunt explicabo. Nemo enim ipsam voluptatem quia voluptas sit aspernatur aut odit aut fugit, sed quia consequuntur magni dolores eos qui ratione voluptatem sequi nesciunt. Neque porro quisquam est, qui dolorem ipsum quia dolor sit amet, consectetur, adipisci velit, sed quia non numquam eius modi tempora incidunt ut labore et dolore magnam aliquam quaerat voluptatem. Ut enim ad minima veniam, quis nostrum exercitationem ullam corporis suscipit laboriosam, nisi ut aliquid ex ea commodi consequatur? Quis autem vel eum iure reprehenderit qui in ea voluptate velit esse quam nihil molestiae consequatur, vel illum qui dolorem eum fugiat quo voluptas nulla pariatur.', '2014-02-11 09:37:23', '2014-02-11 09:37:23'),
(30, 'San Quintin', 'san_quintin', 'For a relaxed tropical paradise, Acapulco certainly is vibrant one --as a matter of fact, it literally never sleeps. With non-stop nightlife, great shopping centers and restaurants, this bustling seaside resort is alive and Sed ut perspiciatis unde omnis iste natus error sit voluptatem accusantium doloremque laudantium, totam rem aperiam, eaque ipsa quae ab illo inventore veritatis et quasi architecto beatae vitae dicta sunt explicabo. Nemo enim ipsam voluptatem quia voluptas sit aspernatur aut odit aut fugit, sed quia consequuntur magni dolores eos qui ratione voluptatem sequi nesciunt. Neque porro quisquam est, qui dolorem ipsum quia dolor sit amet, consectetur, adipisci velit, sed quia non numquam eius modi tempora incidunt ut labore et dolore magnam aliquam quaerat voluptatem. Ut enim ad minima veniam, quis nostrum exercitationem ullam corporis suscipit laboriosam, nisi ut aliquid ex ea commodi consequatur? Quis autem vel eum iure reprehenderit qui in ea voluptate velit esse quam nihil molestiae consequatur, vel illum qui dolorem eum fugiat quo voluptas nulla pariatur.', '2014-02-11 09:37:23', '2014-02-11 09:37:23'),
(31, 'Tecate', 'tecate', 'For a relaxed tropical paradise, Acapulco certainly is vibrant one --as a matter of fact, it literally never sleeps. With non-stop nightlife, great shopping centers and restaurants, this bustling seaside resort is alive and Sed ut perspiciatis unde omnis iste natus error sit voluptatem accusantium doloremque laudantium, totam rem aperiam, eaque ipsa quae ab illo inventore veritatis et quasi architecto beatae vitae dicta sunt explicabo. Nemo enim ipsam voluptatem quia voluptas sit aspernatur aut odit aut fugit, sed quia consequuntur magni dolores eos qui ratione voluptatem sequi nesciunt. Neque porro quisquam est, qui dolorem ipsum quia dolor sit amet, consectetur, adipisci velit, sed quia non numquam eius modi tempora incidunt ut labore et dolore magnam aliquam quaerat voluptatem. Ut enim ad minima veniam, quis nostrum exercitationem ullam corporis suscipit laboriosam, nisi ut aliquid ex ea commodi consequatur? Quis autem vel eum iure reprehenderit qui in ea voluptate velit esse quam nihil molestiae consequatur, vel illum qui dolorem eum fugiat quo voluptas nulla pariatur.', '2014-02-11 09:37:23', '2014-02-11 09:37:23'),
(32, 'Tijuana', 'tijuana', 'For a relaxed tropical paradise, Acapulco certainly is vibrant one --as a matter of fact, it literally never sleeps. With non-stop nightlife, great shopping centers and restaurants, this bustling seaside resort is alive and Sed ut perspiciatis unde omnis iste natus error sit voluptatem accusantium doloremque laudantium, totam rem aperiam, eaque ipsa quae ab illo inventore veritatis et quasi architecto beatae vitae dicta sunt explicabo. Nemo enim ipsam voluptatem quia voluptas sit aspernatur aut odit aut fugit, sed quia consequuntur magni dolores eos qui ratione voluptatem sequi nesciunt. Neque porro quisquam est, qui dolorem ipsum quia dolor sit amet, consectetur, adipisci velit, sed quia non numquam eius modi tempora incidunt ut labore et dolore magnam aliquam quaerat voluptatem. Ut enim ad minima veniam, quis nostrum exercitationem ullam corporis suscipit laboriosam, nisi ut aliquid ex ea commodi consequatur? Quis autem vel eum iure reprehenderit qui in ea voluptate velit esse quam nihil molestiae consequatur, vel illum qui dolorem eum fugiat quo voluptas nulla pariatur.', '2014-02-11 09:37:23', '2014-02-11 09:37:23'),
(33, 'Alamos', 'alamos', 'For a relaxed tropical paradise, Acapulco certainly is vibrant one --as a matter of fact, it literally never sleeps. With non-stop nightlife, great shopping centers and restaurants, this bustling seaside resort is alive and Sed ut perspiciatis unde omnis iste natus error sit voluptatem accusantium doloremque laudantium, totam rem aperiam, eaque ipsa quae ab illo inventore veritatis et quasi architecto beatae vitae dicta sunt explicabo. Nemo enim ipsam voluptatem quia voluptas sit aspernatur aut odit aut fugit, sed quia consequuntur magni dolores eos qui ratione voluptatem sequi nesciunt. Neque porro quisquam est, qui dolorem ipsum quia dolor sit amet, consectetur, adipisci velit, sed quia non numquam eius modi tempora incidunt ut labore et dolore magnam aliquam quaerat voluptatem. Ut enim ad minima veniam, quis nostrum exercitationem ullam corporis suscipit laboriosam, nisi ut aliquid ex ea commodi consequatur? Quis autem vel eum iure reprehenderit qui in ea voluptate velit esse quam nihil molestiae consequatur, vel illum qui dolorem eum fugiat quo voluptas nulla pariatur.', '2014-02-11 09:37:23', '2014-02-11 09:37:23'),
(34, 'Bahia Kino', 'bahia_kino', 'For a relaxed tropical paradise, Acapulco certainly is vibrant one --as a matter of fact, it literally never sleeps. With non-stop nightlife, great shopping centers and restaurants, this bustling seaside resort is alive and Sed ut perspiciatis unde omnis iste natus error sit voluptatem accusantium doloremque laudantium, totam rem aperiam, eaque ipsa quae ab illo inventore veritatis et quasi architecto beatae vitae dicta sunt explicabo. Nemo enim ipsam voluptatem quia voluptas sit aspernatur aut odit aut fugit, sed quia consequuntur magni dolores eos qui ratione voluptatem sequi nesciunt. Neque porro quisquam est, qui dolorem ipsum quia dolor sit amet, consectetur, adipisci velit, sed quia non numquam eius modi tempora incidunt ut labore et dolore magnam aliquam quaerat voluptatem. Ut enim ad minima veniam, quis nostrum exercitationem ullam corporis suscipit laboriosam, nisi ut aliquid ex ea commodi consequatur? Quis autem vel eum iure reprehenderit qui in ea voluptate velit esse quam nihil molestiae consequatur, vel illum qui dolorem eum fugiat quo voluptas nulla pariatur.', '2014-02-11 09:37:23', '2014-02-11 09:37:23'),
(35, 'Nogales', 'nogales', 'For a relaxed tropical paradise, Acapulco certainly is vibrant one --as a matter of fact, it literally never sleeps. With non-stop nightlife, great shopping centers and restaurants, this bustling seaside resort is alive and Sed ut perspiciatis unde omnis iste natus error sit voluptatem accusantium doloremque laudantium, totam rem aperiam, eaque ipsa quae ab illo inventore veritatis et quasi architecto beatae vitae dicta sunt explicabo. Nemo enim ipsam voluptatem quia voluptas sit aspernatur aut odit aut fugit, sed quia consequuntur magni dolores eos qui ratione voluptatem sequi nesciunt. Neque porro quisquam est, qui dolorem ipsum quia dolor sit amet, consectetur, adipisci velit, sed quia non numquam eius modi tempora incidunt ut labore et dolore magnam aliquam quaerat voluptatem. Ut enim ad minima veniam, quis nostrum exercitationem ullam corporis suscipit laboriosam, nisi ut aliquid ex ea commodi consequatur? Quis autem vel eum iure reprehenderit qui in ea voluptate velit esse quam nihil molestiae consequatur, vel illum qui dolorem eum fugiat quo voluptas nulla pariatur.', '2014-02-11 09:37:23', '2014-02-11 09:37:23'),
(36, 'Puerto Penasco', 'puerto_penasco', 'For a relaxed tropical paradise, Acapulco certainly is vibrant one --as a matter of fact, it literally never sleeps. With non-stop nightlife, great shopping centers and restaurants, this bustling seaside resort is alive and Sed ut perspiciatis unde omnis iste natus error sit voluptatem accusantium doloremque laudantium, totam rem aperiam, eaque ipsa quae ab illo inventore veritatis et quasi architecto beatae vitae dicta sunt explicabo. Nemo enim ipsam voluptatem quia voluptas sit aspernatur aut odit aut fugit, sed quia consequuntur magni dolores eos qui ratione voluptatem sequi nesciunt. Neque porro quisquam est, qui dolorem ipsum quia dolor sit amet, consectetur, adipisci velit, sed quia non numquam eius modi tempora incidunt ut labore et dolore magnam aliquam quaerat voluptatem. Ut enim ad minima veniam, quis nostrum exercitationem ullam corporis suscipit laboriosam, nisi ut aliquid ex ea commodi consequatur? Quis autem vel eum iure reprehenderit qui in ea voluptate velit esse quam nihil molestiae consequatur, vel illum qui dolorem eum fugiat quo voluptas nulla pariatur.', '2014-02-11 09:37:23', '2014-02-11 09:37:23'),
(37, 'San Carlos', 'san_carlos', 'For a relaxed tropical paradise, Acapulco certainly is vibrant one --as a matter of fact, it literally never sleeps. With non-stop nightlife, great shopping centers and restaurants, this bustling seaside resort is alive and Sed ut perspiciatis unde omnis iste natus error sit voluptatem accusantium doloremque laudantium, totam rem aperiam, eaque ipsa quae ab illo inventore veritatis et quasi architecto beatae vitae dicta sunt explicabo. Nemo enim ipsam voluptatem quia voluptas sit aspernatur aut odit aut fugit, sed quia consequuntur magni dolores eos qui ratione voluptatem sequi nesciunt. Neque porro quisquam est, qui dolorem ipsum quia dolor sit amet, consectetur, adipisci velit, sed quia non numquam eius modi tempora incidunt ut labore et dolore magnam aliquam quaerat voluptatem. Ut enim ad minima veniam, quis nostrum exercitationem ullam corporis suscipit laboriosam, nisi ut aliquid ex ea commodi consequatur? Quis autem vel eum iure reprehenderit qui in ea voluptate velit esse quam nihil molestiae consequatur, vel illum qui dolorem eum fugiat quo voluptas nulla pariatur.', '2014-02-11 09:37:23', '2014-02-11 09:37:23'),
(38, 'Chihuahua', 'chihuahua', 'For a relaxed tropical paradise, Acapulco certainly is vibrant one --as a matter of fact, it literally never sleeps. With non-stop nightlife, great shopping centers and restaurants, this bustling seaside resort is alive and Sed ut perspiciatis unde omnis iste natus error sit voluptatem accusantium doloremque laudantium, totam rem aperiam, eaque ipsa quae ab illo inventore veritatis et quasi architecto beatae vitae dicta sunt explicabo. Nemo enim ipsam voluptatem quia voluptas sit aspernatur aut odit aut fugit, sed quia consequuntur magni dolores eos qui ratione voluptatem sequi nesciunt. Neque porro quisquam est, qui dolorem ipsum quia dolor sit amet, consectetur, adipisci velit, sed quia non numquam eius modi tempora incidunt ut labore et dolore magnam aliquam quaerat voluptatem. Ut enim ad minima veniam, quis nostrum exercitationem ullam corporis suscipit laboriosam, nisi ut aliquid ex ea commodi consequatur? Quis autem vel eum iure reprehenderit qui in ea voluptate velit esse quam nihil molestiae consequatur, vel illum qui dolorem eum fugiat quo voluptas nulla pariatur.', '2014-02-11 09:37:23', '2014-02-11 09:37:23'),
(39, 'Ciudad Juarez', 'ciudad_juarez', 'For a relaxed tropical paradise, Acapulco certainly is vibrant one --as a matter of fact, it literally never sleeps. With non-stop nightlife, great shopping centers and restaurants, this bustling seaside resort is alive and Sed ut perspiciatis unde omnis iste natus error sit voluptatem accusantium doloremque laudantium, totam rem aperiam, eaque ipsa quae ab illo inventore veritatis et quasi architecto beatae vitae dicta sunt explicabo. Nemo enim ipsam voluptatem quia voluptas sit aspernatur aut odit aut fugit, sed quia consequuntur magni dolores eos qui ratione voluptatem sequi nesciunt. Neque porro quisquam est, qui dolorem ipsum quia dolor sit amet, consectetur, adipisci velit, sed quia non numquam eius modi tempora incidunt ut labore et dolore magnam aliquam quaerat voluptatem. Ut enim ad minima veniam, quis nostrum exercitationem ullam corporis suscipit laboriosam, nisi ut aliquid ex ea commodi consequatur? Quis autem vel eum iure reprehenderit qui in ea voluptate velit esse quam nihil molestiae consequatur, vel illum qui dolorem eum fugiat quo voluptas nulla pariatur.', '2014-02-11 09:37:23', '2014-02-11 09:37:23'),
(40, 'Delicias', 'delicias', 'For a relaxed tropical paradise, Acapulco certainly is vibrant one --as a matter of fact, it literally never sleeps. With non-stop nightlife, great shopping centers and restaurants, this bustling seaside resort is alive and Sed ut perspiciatis unde omnis iste natus error sit voluptatem accusantium doloremque laudantium, totam rem aperiam, eaque ipsa quae ab illo inventore veritatis et quasi architecto beatae vitae dicta sunt explicabo. Nemo enim ipsam voluptatem quia voluptas sit aspernatur aut odit aut fugit, sed quia consequuntur magni dolores eos qui ratione voluptatem sequi nesciunt. Neque porro quisquam est, qui dolorem ipsum quia dolor sit amet, consectetur, adipisci velit, sed quia non numquam eius modi tempora incidunt ut labore et dolore magnam aliquam quaerat voluptatem. Ut enim ad minima veniam, quis nostrum exercitationem ullam corporis suscipit laboriosam, nisi ut aliquid ex ea commodi consequatur? Quis autem vel eum iure reprehenderit qui in ea voluptate velit esse quam nihil molestiae consequatur, vel illum qui dolorem eum fugiat quo voluptas nulla pariatur.', '2014-02-11 09:37:24', '2014-02-11 09:37:24'),
(41, 'Juarez', 'juarez', 'For a relaxed tropical paradise, Acapulco certainly is vibrant one --as a matter of fact, it literally never sleeps. With non-stop nightlife, great shopping centers and restaurants, this bustling seaside resort is alive and Sed ut perspiciatis unde omnis iste natus error sit voluptatem accusantium doloremque laudantium, totam rem aperiam, eaque ipsa quae ab illo inventore veritatis et quasi architecto beatae vitae dicta sunt explicabo. Nemo enim ipsam voluptatem quia voluptas sit aspernatur aut odit aut fugit, sed quia consequuntur magni dolores eos qui ratione voluptatem sequi nesciunt. Neque porro quisquam est, qui dolorem ipsum quia dolor sit amet, consectetur, adipisci velit, sed quia non numquam eius modi tempora incidunt ut labore et dolore magnam aliquam quaerat voluptatem. Ut enim ad minima veniam, quis nostrum exercitationem ullam corporis suscipit laboriosam, nisi ut aliquid ex ea commodi consequatur? Quis autem vel eum iure reprehenderit qui in ea voluptate velit esse quam nihil molestiae consequatur, vel illum qui dolorem eum fugiat quo voluptas nulla pariatur.', '2014-02-11 09:37:24', '2014-02-11 09:37:24'),
(42, 'Mazatlan', 'mazatlan', 'For a relaxed tropical paradise, Acapulco certainly is vibrant one --as a matter of fact, it literally never sleeps. With non-stop nightlife, great shopping centers and restaurants, this bustling seaside resort is alive and Sed ut perspiciatis unde omnis iste natus error sit voluptatem accusantium doloremque laudantium, totam rem aperiam, eaque ipsa quae ab illo inventore veritatis et quasi architecto beatae vitae dicta sunt explicabo. Nemo enim ipsam voluptatem quia voluptas sit aspernatur aut odit aut fugit, sed quia consequuntur magni dolores eos qui ratione voluptatem sequi nesciunt. Neque porro quisquam est, qui dolorem ipsum quia dolor sit amet, consectetur, adipisci velit, sed quia non numquam eius modi tempora incidunt ut labore et dolore magnam aliquam quaerat voluptatem. Ut enim ad minima veniam, quis nostrum exercitationem ullam corporis suscipit laboriosam, nisi ut aliquid ex ea commodi consequatur? Quis autem vel eum iure reprehenderit qui in ea voluptate velit esse quam nihil molestiae consequatur, vel illum qui dolorem eum fugiat quo voluptas nulla pariatur.', '2014-02-11 09:37:24', '2014-02-11 09:37:24');
INSERT INTO `pages` (`id`, `title`, `slug`, `content`, `created`, `updated`) VALUES
(43, 'Teacapan', 'teacapan', 'For a relaxed tropical paradise, Acapulco certainly is vibrant one --as a matter of fact, it literally never sleeps. With non-stop nightlife, great shopping centers and restaurants, this bustling seaside resort is alive and Sed ut perspiciatis unde omnis iste natus error sit voluptatem accusantium doloremque laudantium, totam rem aperiam, eaque ipsa quae ab illo inventore veritatis et quasi architecto beatae vitae dicta sunt explicabo. Nemo enim ipsam voluptatem quia voluptas sit aspernatur aut odit aut fugit, sed quia consequuntur magni dolores eos qui ratione voluptatem sequi nesciunt. Neque porro quisquam est, qui dolorem ipsum quia dolor sit amet, consectetur, adipisci velit, sed quia non numquam eius modi tempora incidunt ut labore et dolore magnam aliquam quaerat voluptatem. Ut enim ad minima veniam, quis nostrum exercitationem ullam corporis suscipit laboriosam, nisi ut aliquid ex ea commodi consequatur? Quis autem vel eum iure reprehenderit qui in ea voluptate velit esse quam nihil molestiae consequatur, vel illum qui dolorem eum fugiat quo voluptas nulla pariatur.', '2014-02-11 09:37:24', '2014-02-11 09:37:24'),
(44, 'Durango', 'durango', 'For a relaxed tropical paradise, Acapulco certainly is vibrant one --as a matter of fact, it literally never sleeps. With non-stop nightlife, great shopping centers and restaurants, this bustling seaside resort is alive and Sed ut perspiciatis unde omnis iste natus error sit voluptatem accusantium doloremque laudantium, totam rem aperiam, eaque ipsa quae ab illo inventore veritatis et quasi architecto beatae vitae dicta sunt explicabo. Nemo enim ipsam voluptatem quia voluptas sit aspernatur aut odit aut fugit, sed quia consequuntur magni dolores eos qui ratione voluptatem sequi nesciunt. Neque porro quisquam est, qui dolorem ipsum quia dolor sit amet, consectetur, adipisci velit, sed quia non numquam eius modi tempora incidunt ut labore et dolore magnam aliquam quaerat voluptatem. Ut enim ad minima veniam, quis nostrum exercitationem ullam corporis suscipit laboriosam, nisi ut aliquid ex ea commodi consequatur? Quis autem vel eum iure reprehenderit qui in ea voluptate velit esse quam nihil molestiae consequatur, vel illum qui dolorem eum fugiat quo voluptas nulla pariatur.', '2014-02-11 09:37:24', '2014-02-11 09:37:24'),
(45, 'Acuna', 'acuna', 'For a relaxed tropical paradise, Acapulco certainly is vibrant one --as a matter of fact, it literally never sleeps. With non-stop nightlife, great shopping centers and restaurants, this bustling seaside resort is alive and Sed ut perspiciatis unde omnis iste natus error sit voluptatem accusantium doloremque laudantium, totam rem aperiam, eaque ipsa quae ab illo inventore veritatis et quasi architecto beatae vitae dicta sunt explicabo. Nemo enim ipsam voluptatem quia voluptas sit aspernatur aut odit aut fugit, sed quia consequuntur magni dolores eos qui ratione voluptatem sequi nesciunt. Neque porro quisquam est, qui dolorem ipsum quia dolor sit amet, consectetur, adipisci velit, sed quia non numquam eius modi tempora incidunt ut labore et dolore magnam aliquam quaerat voluptatem. Ut enim ad minima veniam, quis nostrum exercitationem ullam corporis suscipit laboriosam, nisi ut aliquid ex ea commodi consequatur? Quis autem vel eum iure reprehenderit qui in ea voluptate velit esse quam nihil molestiae consequatur, vel illum qui dolorem eum fugiat quo voluptas nulla pariatur.', '2014-02-11 09:37:24', '2014-02-11 09:37:24'),
(46, 'Saltillo', 'saltillo', 'For a relaxed tropical paradise, Acapulco certainly is vibrant one --as a matter of fact, it literally never sleeps. With non-stop nightlife, great shopping centers and restaurants, this bustling seaside resort is alive and Sed ut perspiciatis unde omnis iste natus error sit voluptatem accusantium doloremque laudantium, totam rem aperiam, eaque ipsa quae ab illo inventore veritatis et quasi architecto beatae vitae dicta sunt explicabo. Nemo enim ipsam voluptatem quia voluptas sit aspernatur aut odit aut fugit, sed quia consequuntur magni dolores eos qui ratione voluptatem sequi nesciunt. Neque porro quisquam est, qui dolorem ipsum quia dolor sit amet, consectetur, adipisci velit, sed quia non numquam eius modi tempora incidunt ut labore et dolore magnam aliquam quaerat voluptatem. Ut enim ad minima veniam, quis nostrum exercitationem ullam corporis suscipit laboriosam, nisi ut aliquid ex ea commodi consequatur? Quis autem vel eum iure reprehenderit qui in ea voluptate velit esse quam nihil molestiae consequatur, vel illum qui dolorem eum fugiat quo voluptas nulla pariatur.', '2014-02-11 09:37:24', '2014-02-11 09:37:24'),
(47, 'Torreon', 'torreon', 'For a relaxed tropical paradise, Acapulco certainly is vibrant one --as a matter of fact, it literally never sleeps. With non-stop nightlife, great shopping centers and restaurants, this bustling seaside resort is alive and Sed ut perspiciatis unde omnis iste natus error sit voluptatem accusantium doloremque laudantium, totam rem aperiam, eaque ipsa quae ab illo inventore veritatis et quasi architecto beatae vitae dicta sunt explicabo. Nemo enim ipsam voluptatem quia voluptas sit aspernatur aut odit aut fugit, sed quia consequuntur magni dolores eos qui ratione voluptatem sequi nesciunt. Neque porro quisquam est, qui dolorem ipsum quia dolor sit amet, consectetur, adipisci velit, sed quia non numquam eius modi tempora incidunt ut labore et dolore magnam aliquam quaerat voluptatem. Ut enim ad minima veniam, quis nostrum exercitationem ullam corporis suscipit laboriosam, nisi ut aliquid ex ea commodi consequatur? Quis autem vel eum iure reprehenderit qui in ea voluptate velit esse quam nihil molestiae consequatur, vel illum qui dolorem eum fugiat quo voluptas nulla pariatur.', '2014-02-11 09:37:24', '2014-02-11 09:37:24'),
(48, 'Monterrey', 'monterrey', 'For a relaxed tropical paradise, Acapulco certainly is vibrant one --as a matter of fact, it literally never sleeps. With non-stop nightlife, great shopping centers and restaurants, this bustling seaside resort is alive and Sed ut perspiciatis unde omnis iste natus error sit voluptatem accusantium doloremque laudantium, totam rem aperiam, eaque ipsa quae ab illo inventore veritatis et quasi architecto beatae vitae dicta sunt explicabo. Nemo enim ipsam voluptatem quia voluptas sit aspernatur aut odit aut fugit, sed quia consequuntur magni dolores eos qui ratione voluptatem sequi nesciunt. Neque porro quisquam est, qui dolorem ipsum quia dolor sit amet, consectetur, adipisci velit, sed quia non numquam eius modi tempora incidunt ut labore et dolore magnam aliquam quaerat voluptatem. Ut enim ad minima veniam, quis nostrum exercitationem ullam corporis suscipit laboriosam, nisi ut aliquid ex ea commodi consequatur? Quis autem vel eum iure reprehenderit qui in ea voluptate velit esse quam nihil molestiae consequatur, vel illum qui dolorem eum fugiat quo voluptas nulla pariatur.', '2014-02-11 09:37:24', '2014-02-11 09:37:24'),
(49, 'Zacatecas', 'zacatecas', 'For a relaxed tropical paradise, Acapulco certainly is vibrant one --as a matter of fact, it literally never sleeps. With non-stop nightlife, great shopping centers and restaurants, this bustling seaside resort is alive and Sed ut perspiciatis unde omnis iste natus error sit voluptatem accusantium doloremque laudantium, totam rem aperiam, eaque ipsa quae ab illo inventore veritatis et quasi architecto beatae vitae dicta sunt explicabo. Nemo enim ipsam voluptatem quia voluptas sit aspernatur aut odit aut fugit, sed quia consequuntur magni dolores eos qui ratione voluptatem sequi nesciunt. Neque porro quisquam est, qui dolorem ipsum quia dolor sit amet, consectetur, adipisci velit, sed quia non numquam eius modi tempora incidunt ut labore et dolore magnam aliquam quaerat voluptatem. Ut enim ad minima veniam, quis nostrum exercitationem ullam corporis suscipit laboriosam, nisi ut aliquid ex ea commodi consequatur? Quis autem vel eum iure reprehenderit qui in ea voluptate velit esse quam nihil molestiae consequatur, vel illum qui dolorem eum fugiat quo voluptas nulla pariatur.', '2014-02-11 09:37:24', '2014-02-11 09:37:24'),
(50, 'Real de Catorce', 'real_de_catorce', 'For a relaxed tropical paradise, Acapulco certainly is vibrant one --as a matter of fact, it literally never sleeps. With non-stop nightlife, great shopping centers and restaurants, this bustling seaside resort is alive and Sed ut perspiciatis unde omnis iste natus error sit voluptatem accusantium doloremque laudantium, totam rem aperiam, eaque ipsa quae ab illo inventore veritatis et quasi architecto beatae vitae dicta sunt explicabo. Nemo enim ipsam voluptatem quia voluptas sit aspernatur aut odit aut fugit, sed quia consequuntur magni dolores eos qui ratione voluptatem sequi nesciunt. Neque porro quisquam est, qui dolorem ipsum quia dolor sit amet, consectetur, adipisci velit, sed quia non numquam eius modi tempora incidunt ut labore et dolore magnam aliquam quaerat voluptatem. Ut enim ad minima veniam, quis nostrum exercitationem ullam corporis suscipit laboriosam, nisi ut aliquid ex ea commodi consequatur? Quis autem vel eum iure reprehenderit qui in ea voluptate velit esse quam nihil molestiae consequatur, vel illum qui dolorem eum fugiat quo voluptas nulla pariatur.', '2014-02-11 09:37:24', '2014-02-11 09:37:24'),
(51, 'San Luis Potosi', 'san_luis_potosi', 'For a relaxed tropical paradise, Acapulco certainly is vibrant one --as a matter of fact, it literally never sleeps. With non-stop nightlife, great shopping centers and restaurants, this bustling seaside resort is alive and Sed ut perspiciatis unde omnis iste natus error sit voluptatem accusantium doloremque laudantium, totam rem aperiam, eaque ipsa quae ab illo inventore veritatis et quasi architecto beatae vitae dicta sunt explicabo. Nemo enim ipsam voluptatem quia voluptas sit aspernatur aut odit aut fugit, sed quia consequuntur magni dolores eos qui ratione voluptatem sequi nesciunt. Neque porro quisquam est, qui dolorem ipsum quia dolor sit amet, consectetur, adipisci velit, sed quia non numquam eius modi tempora incidunt ut labore et dolore magnam aliquam quaerat voluptatem. Ut enim ad minima veniam, quis nostrum exercitationem ullam corporis suscipit laboriosam, nisi ut aliquid ex ea commodi consequatur? Quis autem vel eum iure reprehenderit qui in ea voluptate velit esse quam nihil molestiae consequatur, vel illum qui dolorem eum fugiat quo voluptas nulla pariatur.', '2014-02-11 09:37:24', '2014-02-11 09:37:24'),
(52, 'Tampico', 'tampico', 'For a relaxed tropical paradise, Acapulco certainly is vibrant one --as a matter of fact, it literally never sleeps. With non-stop nightlife, great shopping centers and restaurants, this bustling seaside resort is alive and Sed ut perspiciatis unde omnis iste natus error sit voluptatem accusantium doloremque laudantium, totam rem aperiam, eaque ipsa quae ab illo inventore veritatis et quasi architecto beatae vitae dicta sunt explicabo. Nemo enim ipsam voluptatem quia voluptas sit aspernatur aut odit aut fugit, sed quia consequuntur magni dolores eos qui ratione voluptatem sequi nesciunt. Neque porro quisquam est, qui dolorem ipsum quia dolor sit amet, consectetur, adipisci velit, sed quia non numquam eius modi tempora incidunt ut labore et dolore magnam aliquam quaerat voluptatem. Ut enim ad minima veniam, quis nostrum exercitationem ullam corporis suscipit laboriosam, nisi ut aliquid ex ea commodi consequatur? Quis autem vel eum iure reprehenderit qui in ea voluptate velit esse quam nihil molestiae consequatur, vel illum qui dolorem eum fugiat quo voluptas nulla pariatur.', '2014-02-11 09:37:24', '2014-02-11 09:37:24'),
(53, 'Bucerias', 'bucerias', 'For a relaxed tropical paradise, Acapulco certainly is vibrant one --as a matter of fact, it literally never sleeps. With non-stop nightlife, great shopping centers and restaurants, this bustling seaside resort is alive and Sed ut perspiciatis unde omnis iste natus error sit voluptatem accusantium doloremque laudantium, totam rem aperiam, eaque ipsa quae ab illo inventore veritatis et quasi architecto beatae vitae dicta sunt explicabo. Nemo enim ipsam voluptatem quia voluptas sit aspernatur aut odit aut fugit, sed quia consequuntur magni dolores eos qui ratione voluptatem sequi nesciunt. Neque porro quisquam est, qui dolorem ipsum quia dolor sit amet, consectetur, adipisci velit, sed quia non numquam eius modi tempora incidunt ut labore et dolore magnam aliquam quaerat voluptatem. Ut enim ad minima veniam, quis nostrum exercitationem ullam corporis suscipit laboriosam, nisi ut aliquid ex ea commodi consequatur? Quis autem vel eum iure reprehenderit qui in ea voluptate velit esse quam nihil molestiae consequatur, vel illum qui dolorem eum fugiat quo voluptas nulla pariatur.', '2014-02-11 09:37:24', '2014-02-11 09:37:24'),
(54, 'Chacala', 'chacala', 'For a relaxed tropical paradise, Acapulco certainly is vibrant one --as a matter of fact, it literally never sleeps. With non-stop nightlife, great shopping centers and restaurants, this bustling seaside resort is alive and Sed ut perspiciatis unde omnis iste natus error sit voluptatem accusantium doloremque laudantium, totam rem aperiam, eaque ipsa quae ab illo inventore veritatis et quasi architecto beatae vitae dicta sunt explicabo. Nemo enim ipsam voluptatem quia voluptas sit aspernatur aut odit aut fugit, sed quia consequuntur magni dolores eos qui ratione voluptatem sequi nesciunt. Neque porro quisquam est, qui dolorem ipsum quia dolor sit amet, consectetur, adipisci velit, sed quia non numquam eius modi tempora incidunt ut labore et dolore magnam aliquam quaerat voluptatem. Ut enim ad minima veniam, quis nostrum exercitationem ullam corporis suscipit laboriosam, nisi ut aliquid ex ea commodi consequatur? Quis autem vel eum iure reprehenderit qui in ea voluptate velit esse quam nihil molestiae consequatur, vel illum qui dolorem eum fugiat quo voluptas nulla pariatur.', '2014-02-11 09:37:24', '2014-02-11 09:37:24'),
(55, 'La Cruz de Hunacaxtle', 'la_cruz_de_hunacaxtle', 'For a relaxed tropical paradise, Acapulco certainly is vibrant one --as a matter of fact, it literally never sleeps. With non-stop nightlife, great shopping centers and restaurants, this bustling seaside resort is alive and Sed ut perspiciatis unde omnis iste natus error sit voluptatem accusantium doloremque laudantium, totam rem aperiam, eaque ipsa quae ab illo inventore veritatis et quasi architecto beatae vitae dicta sunt explicabo. Nemo enim ipsam voluptatem quia voluptas sit aspernatur aut odit aut fugit, sed quia consequuntur magni dolores eos qui ratione voluptatem sequi nesciunt. Neque porro quisquam est, qui dolorem ipsum quia dolor sit amet, consectetur, adipisci velit, sed quia non numquam eius modi tempora incidunt ut labore et dolore magnam aliquam quaerat voluptatem. Ut enim ad minima veniam, quis nostrum exercitationem ullam corporis suscipit laboriosam, nisi ut aliquid ex ea commodi consequatur? Quis autem vel eum iure reprehenderit qui in ea voluptate velit esse quam nihil molestiae consequatur, vel illum qui dolorem eum fugiat quo voluptas nulla pariatur.', '2014-02-11 09:37:24', '2014-02-11 09:37:24'),
(56, 'Litibu', 'litibu', 'For a relaxed tropical paradise, Acapulco certainly is vibrant one --as a matter of fact, it literally never sleeps. With non-stop nightlife, great shopping centers and restaurants, this bustling seaside resort is alive and Sed ut perspiciatis unde omnis iste natus error sit voluptatem accusantium doloremque laudantium, totam rem aperiam, eaque ipsa quae ab illo inventore veritatis et quasi architecto beatae vitae dicta sunt explicabo. Nemo enim ipsam voluptatem quia voluptas sit aspernatur aut odit aut fugit, sed quia consequuntur magni dolores eos qui ratione voluptatem sequi nesciunt. Neque porro quisquam est, qui dolorem ipsum quia dolor sit amet, consectetur, adipisci velit, sed quia non numquam eius modi tempora incidunt ut labore et dolore magnam aliquam quaerat voluptatem. Ut enim ad minima veniam, quis nostrum exercitationem ullam corporis suscipit laboriosam, nisi ut aliquid ex ea commodi consequatur? Quis autem vel eum iure reprehenderit qui in ea voluptate velit esse quam nihil molestiae consequatur, vel illum qui dolorem eum fugiat quo voluptas nulla pariatur.', '2014-02-11 09:37:25', '2014-02-11 09:37:25'),
(57, 'Lo de Marcos', 'lo_de_marcos', 'For a relaxed tropical paradise, Acapulco certainly is vibrant one --as a matter of fact, it literally never sleeps. With non-stop nightlife, great shopping centers and restaurants, this bustling seaside resort is alive and Sed ut perspiciatis unde omnis iste natus error sit voluptatem accusantium doloremque laudantium, totam rem aperiam, eaque ipsa quae ab illo inventore veritatis et quasi architecto beatae vitae dicta sunt explicabo. Nemo enim ipsam voluptatem quia voluptas sit aspernatur aut odit aut fugit, sed quia consequuntur magni dolores eos qui ratione voluptatem sequi nesciunt. Neque porro quisquam est, qui dolorem ipsum quia dolor sit amet, consectetur, adipisci velit, sed quia non numquam eius modi tempora incidunt ut labore et dolore magnam aliquam quaerat voluptatem. Ut enim ad minima veniam, quis nostrum exercitationem ullam corporis suscipit laboriosam, nisi ut aliquid ex ea commodi consequatur? Quis autem vel eum iure reprehenderit qui in ea voluptate velit esse quam nihil molestiae consequatur, vel illum qui dolorem eum fugiat quo voluptas nulla pariatur.', '2014-02-11 09:37:25', '2014-02-11 09:37:25'),
(58, 'Nuevo Vallarta', 'nuevo_vallarta', 'For a relaxed tropical paradise, Acapulco certainly is vibrant one --as a matter of fact, it literally never sleeps. With non-stop nightlife, great shopping centers and restaurants, this bustling seaside resort is alive and Sed ut perspiciatis unde omnis iste natus error sit voluptatem accusantium doloremque laudantium, totam rem aperiam, eaque ipsa quae ab illo inventore veritatis et quasi architecto beatae vitae dicta sunt explicabo. Nemo enim ipsam voluptatem quia voluptas sit aspernatur aut odit aut fugit, sed quia consequuntur magni dolores eos qui ratione voluptatem sequi nesciunt. Neque porro quisquam est, qui dolorem ipsum quia dolor sit amet, consectetur, adipisci velit, sed quia non numquam eius modi tempora incidunt ut labore et dolore magnam aliquam quaerat voluptatem. Ut enim ad minima veniam, quis nostrum exercitationem ullam corporis suscipit laboriosam, nisi ut aliquid ex ea commodi consequatur? Quis autem vel eum iure reprehenderit qui in ea voluptate velit esse quam nihil molestiae consequatur, vel illum qui dolorem eum fugiat quo voluptas nulla pariatur.', '2014-02-11 09:37:25', '2014-02-11 09:37:25'),
(59, 'Playa Las Tortugas', 'playa_las_tortugas', 'For a relaxed tropical paradise, Acapulco certainly is vibrant one --as a matter of fact, it literally never sleeps. With non-stop nightlife, great shopping centers and restaurants, this bustling seaside resort is alive and Sed ut perspiciatis unde omnis iste natus error sit voluptatem accusantium doloremque laudantium, totam rem aperiam, eaque ipsa quae ab illo inventore veritatis et quasi architecto beatae vitae dicta sunt explicabo. Nemo enim ipsam voluptatem quia voluptas sit aspernatur aut odit aut fugit, sed quia consequuntur magni dolores eos qui ratione voluptatem sequi nesciunt. Neque porro quisquam est, qui dolorem ipsum quia dolor sit amet, consectetur, adipisci velit, sed quia non numquam eius modi tempora incidunt ut labore et dolore magnam aliquam quaerat voluptatem. Ut enim ad minima veniam, quis nostrum exercitationem ullam corporis suscipit laboriosam, nisi ut aliquid ex ea commodi consequatur? Quis autem vel eum iure reprehenderit qui in ea voluptate velit esse quam nihil molestiae consequatur, vel illum qui dolorem eum fugiat quo voluptas nulla pariatur.', '2014-02-11 09:37:25', '2014-02-11 09:37:25'),
(60, 'Punta de Mita', 'punta_de_mita', 'For a relaxed tropical paradise, Acapulco certainly is vibrant one --as a matter of fact, it literally never sleeps. With non-stop nightlife, great shopping centers and restaurants, this bustling seaside resort is alive and Sed ut perspiciatis unde omnis iste natus error sit voluptatem accusantium doloremque laudantium, totam rem aperiam, eaque ipsa quae ab illo inventore veritatis et quasi architecto beatae vitae dicta sunt explicabo. Nemo enim ipsam voluptatem quia voluptas sit aspernatur aut odit aut fugit, sed quia consequuntur magni dolores eos qui ratione voluptatem sequi nesciunt. Neque porro quisquam est, qui dolorem ipsum quia dolor sit amet, consectetur, adipisci velit, sed quia non numquam eius modi tempora incidunt ut labore et dolore magnam aliquam quaerat voluptatem. Ut enim ad minima veniam, quis nostrum exercitationem ullam corporis suscipit laboriosam, nisi ut aliquid ex ea commodi consequatur? Quis autem vel eum iure reprehenderit qui in ea voluptate velit esse quam nihil molestiae consequatur, vel illum qui dolorem eum fugiat quo voluptas nulla pariatur.', '2014-02-11 09:37:25', '2014-02-11 09:37:25'),
(61, 'Punta del Burro', 'punta_del_burro', 'For a relaxed tropical paradise, Acapulco certainly is vibrant one --as a matter of fact, it literally never sleeps. With non-stop nightlife, great shopping centers and restaurants, this bustling seaside resort is alive and Sed ut perspiciatis unde omnis iste natus error sit voluptatem accusantium doloremque laudantium, totam rem aperiam, eaque ipsa quae ab illo inventore veritatis et quasi architecto beatae vitae dicta sunt explicabo. Nemo enim ipsam voluptatem quia voluptas sit aspernatur aut odit aut fugit, sed quia consequuntur magni dolores eos qui ratione voluptatem sequi nesciunt. Neque porro quisquam est, qui dolorem ipsum quia dolor sit amet, consectetur, adipisci velit, sed quia non numquam eius modi tempora incidunt ut labore et dolore magnam aliquam quaerat voluptatem. Ut enim ad minima veniam, quis nostrum exercitationem ullam corporis suscipit laboriosam, nisi ut aliquid ex ea commodi consequatur? Quis autem vel eum iure reprehenderit qui in ea voluptate velit esse quam nihil molestiae consequatur, vel illum qui dolorem eum fugiat quo voluptas nulla pariatur.', '2014-02-11 09:37:25', '2014-02-11 09:37:25'),
(62, 'Punta Esmeralda', 'punta_esmeralda', 'For a relaxed tropical paradise, Acapulco certainly is vibrant one --as a matter of fact, it literally never sleeps. With non-stop nightlife, great shopping centers and restaurants, this bustling seaside resort is alive and Sed ut perspiciatis unde omnis iste natus error sit voluptatem accusantium doloremque laudantium, totam rem aperiam, eaque ipsa quae ab illo inventore veritatis et quasi architecto beatae vitae dicta sunt explicabo. Nemo enim ipsam voluptatem quia voluptas sit aspernatur aut odit aut fugit, sed quia consequuntur magni dolores eos qui ratione voluptatem sequi nesciunt. Neque porro quisquam est, qui dolorem ipsum quia dolor sit amet, consectetur, adipisci velit, sed quia non numquam eius modi tempora incidunt ut labore et dolore magnam aliquam quaerat voluptatem. Ut enim ad minima veniam, quis nostrum exercitationem ullam corporis suscipit laboriosam, nisi ut aliquid ex ea commodi consequatur? Quis autem vel eum iure reprehenderit qui in ea voluptate velit esse quam nihil molestiae consequatur, vel illum qui dolorem eum fugiat quo voluptas nulla pariatur.', '2014-02-11 09:37:25', '2014-02-11 09:37:25'),
(63, 'Rincon de Guayabitos', 'rincon_de_guayabitos', 'For a relaxed tropical paradise, Acapulco certainly is vibrant one --as a matter of fact, it literally never sleeps. With non-stop nightlife, great shopping centers and restaurants, this bustling seaside resort is alive and Sed ut perspiciatis unde omnis iste natus error sit voluptatem accusantium doloremque laudantium, totam rem aperiam, eaque ipsa quae ab illo inventore veritatis et quasi architecto beatae vitae dicta sunt explicabo. Nemo enim ipsam voluptatem quia voluptas sit aspernatur aut odit aut fugit, sed quia consequuntur magni dolores eos qui ratione voluptatem sequi nesciunt. Neque porro quisquam est, qui dolorem ipsum quia dolor sit amet, consectetur, adipisci velit, sed quia non numquam eius modi tempora incidunt ut labore et dolore magnam aliquam quaerat voluptatem. Ut enim ad minima veniam, quis nostrum exercitationem ullam corporis suscipit laboriosam, nisi ut aliquid ex ea commodi consequatur? Quis autem vel eum iure reprehenderit qui in ea voluptate velit esse quam nihil molestiae consequatur, vel illum qui dolorem eum fugiat quo voluptas nulla pariatur.', '2014-02-11 09:37:25', '2014-02-11 09:37:25'),
(64, 'San Francisco (San Pancho)', 'san_francisco_(san_pancho)', 'For a relaxed tropical paradise, Acapulco certainly is vibrant one --as a matter of fact, it literally never sleeps. With non-stop nightlife, great shopping centers and restaurants, this bustling seaside resort is alive and Sed ut perspiciatis unde omnis iste natus error sit voluptatem accusantium doloremque laudantium, totam rem aperiam, eaque ipsa quae ab illo inventore veritatis et quasi architecto beatae vitae dicta sunt explicabo. Nemo enim ipsam voluptatem quia voluptas sit aspernatur aut odit aut fugit, sed quia consequuntur magni dolores eos qui ratione voluptatem sequi nesciunt. Neque porro quisquam est, qui dolorem ipsum quia dolor sit amet, consectetur, adipisci velit, sed quia non numquam eius modi tempora incidunt ut labore et dolore magnam aliquam quaerat voluptatem. Ut enim ad minima veniam, quis nostrum exercitationem ullam corporis suscipit laboriosam, nisi ut aliquid ex ea commodi consequatur? Quis autem vel eum iure reprehenderit qui in ea voluptate velit esse quam nihil molestiae consequatur, vel illum qui dolorem eum fugiat quo voluptas nulla pariatur.', '2014-02-11 09:37:25', '2014-02-11 09:37:25'),
(65, 'Bara de Navidad', 'bara_de_navidad', 'For a relaxed tropical paradise, Acapulco certainly is vibrant one --as a matter of fact, it literally never sleeps. With non-stop nightlife, great shopping centers and restaurants, this bustling seaside resort is alive and Sed ut perspiciatis unde omnis iste natus error sit voluptatem accusantium doloremque laudantium, totam rem aperiam, eaque ipsa quae ab illo inventore veritatis et quasi architecto beatae vitae dicta sunt explicabo. Nemo enim ipsam voluptatem quia voluptas sit aspernatur aut odit aut fugit, sed quia consequuntur magni dolores eos qui ratione voluptatem sequi nesciunt. Neque porro quisquam est, qui dolorem ipsum quia dolor sit amet, consectetur, adipisci velit, sed quia non numquam eius modi tempora incidunt ut labore et dolore magnam aliquam quaerat voluptatem. Ut enim ad minima veniam, quis nostrum exercitationem ullam corporis suscipit laboriosam, nisi ut aliquid ex ea commodi consequatur? Quis autem vel eum iure reprehenderit qui in ea voluptate velit esse quam nihil molestiae consequatur, vel illum qui dolorem eum fugiat quo voluptas nulla pariatur.', '2014-02-11 09:37:25', '2014-02-11 09:37:25'),
(66, 'Puerto Vallarta', 'puerto_vallarta', 'For a relaxed tropical paradise, Acapulco certainly is vibrant one --as a matter of fact, it literally never sleeps. With non-stop nightlife, great shopping centers and restaurants, this bustling seaside resort is alive and Sed ut perspiciatis unde omnis iste natus error sit voluptatem accusantium doloremque laudantium, totam rem aperiam, eaque ipsa quae ab illo inventore veritatis et quasi architecto beatae vitae dicta sunt explicabo. Nemo enim ipsam voluptatem quia voluptas sit aspernatur aut odit aut fugit, sed quia consequuntur magni dolores eos qui ratione voluptatem sequi nesciunt. Neque porro quisquam est, qui dolorem ipsum quia dolor sit amet, consectetur, adipisci velit, sed quia non numquam eius modi tempora incidunt ut labore et dolore magnam aliquam quaerat voluptatem. Ut enim ad minima veniam, quis nostrum exercitationem ullam corporis suscipit laboriosam, nisi ut aliquid ex ea commodi consequatur? Quis autem vel eum iure reprehenderit qui in ea voluptate velit esse quam nihil molestiae consequatur, vel illum qui dolorem eum fugiat quo voluptas nulla pariatur.', '2014-02-11 09:37:25', '2014-02-11 09:37:25'),
(67, 'El Farralon', 'el_farralon', 'For a relaxed tropical paradise, Acapulco certainly is vibrant one --as a matter of fact, it literally never sleeps. With non-stop nightlife, great shopping centers and restaurants, this bustling seaside resort is alive and Sed ut perspiciatis unde omnis iste natus error sit voluptatem accusantium doloremque laudantium, totam rem aperiam, eaque ipsa quae ab illo inventore veritatis et quasi architecto beatae vitae dicta sunt explicabo. Nemo enim ipsam voluptatem quia voluptas sit aspernatur aut odit aut fugit, sed quia consequuntur magni dolores eos qui ratione voluptatem sequi nesciunt. Neque porro quisquam est, qui dolorem ipsum quia dolor sit amet, consectetur, adipisci velit, sed quia non numquam eius modi tempora incidunt ut labore et dolore magnam aliquam quaerat voluptatem. Ut enim ad minima veniam, quis nostrum exercitationem ullam corporis suscipit laboriosam, nisi ut aliquid ex ea commodi consequatur? Quis autem vel eum iure reprehenderit qui in ea voluptate velit esse quam nihil molestiae consequatur, vel illum qui dolorem eum fugiat quo voluptas nulla pariatur.', '2014-02-11 09:37:25', '2014-02-11 09:37:25'),
(68, 'Guadalajara', 'guadalajara', 'For a relaxed tropical paradise, Acapulco certainly is vibrant one --as a matter of fact, it literally never sleeps. With non-stop nightlife, great shopping centers and restaurants, this bustling seaside resort is alive and Sed ut perspiciatis unde omnis iste natus error sit voluptatem accusantium doloremque laudantium, totam rem aperiam, eaque ipsa quae ab illo inventore veritatis et quasi architecto beatae vitae dicta sunt explicabo. Nemo enim ipsam voluptatem quia voluptas sit aspernatur aut odit aut fugit, sed quia consequuntur magni dolores eos qui ratione voluptatem sequi nesciunt. Neque porro quisquam est, qui dolorem ipsum quia dolor sit amet, consectetur, adipisci velit, sed quia non numquam eius modi tempora incidunt ut labore et dolore magnam aliquam quaerat voluptatem. Ut enim ad minima veniam, quis nostrum exercitationem ullam corporis suscipit laboriosam, nisi ut aliquid ex ea commodi consequatur? Quis autem vel eum iure reprehenderit qui in ea voluptate velit esse quam nihil molestiae consequatur, vel illum qui dolorem eum fugiat quo voluptas nulla pariatur.', '2014-02-11 09:37:25', '2014-02-11 09:37:25'),
(69, 'Zapopan', 'zapopan', 'For a relaxed tropical paradise, Acapulco certainly is vibrant one --as a matter of fact, it literally never sleeps. With non-stop nightlife, great shopping centers and restaurants, this bustling seaside resort is alive and Sed ut perspiciatis unde omnis iste natus error sit voluptatem accusantium doloremque laudantium, totam rem aperiam, eaque ipsa quae ab illo inventore veritatis et quasi architecto beatae vitae dicta sunt explicabo. Nemo enim ipsam voluptatem quia voluptas sit aspernatur aut odit aut fugit, sed quia consequuntur magni dolores eos qui ratione voluptatem sequi nesciunt. Neque porro quisquam est, qui dolorem ipsum quia dolor sit amet, consectetur, adipisci velit, sed quia non numquam eius modi tempora incidunt ut labore et dolore magnam aliquam quaerat voluptatem. Ut enim ad minima veniam, quis nostrum exercitationem ullam corporis suscipit laboriosam, nisi ut aliquid ex ea commodi consequatur? Quis autem vel eum iure reprehenderit qui in ea voluptate velit esse quam nihil molestiae consequatur, vel illum qui dolorem eum fugiat quo voluptas nulla pariatur.', '2014-02-11 09:37:25', '2014-02-11 09:37:25'),
(70, 'Dolores Hidalgo', 'dolores_hidalgo', 'For a relaxed tropical paradise, Acapulco certainly is vibrant one --as a matter of fact, it literally never sleeps. With non-stop nightlife, great shopping centers and restaurants, this bustling seaside resort is alive and Sed ut perspiciatis unde omnis iste natus error sit voluptatem accusantium doloremque laudantium, totam rem aperiam, eaque ipsa quae ab illo inventore veritatis et quasi architecto beatae vitae dicta sunt explicabo. Nemo enim ipsam voluptatem quia voluptas sit aspernatur aut odit aut fugit, sed quia consequuntur magni dolores eos qui ratione voluptatem sequi nesciunt. Neque porro quisquam est, qui dolorem ipsum quia dolor sit amet, consectetur, adipisci velit, sed quia non numquam eius modi tempora incidunt ut labore et dolore magnam aliquam quaerat voluptatem. Ut enim ad minima veniam, quis nostrum exercitationem ullam corporis suscipit laboriosam, nisi ut aliquid ex ea commodi consequatur? Quis autem vel eum iure reprehenderit qui in ea voluptate velit esse quam nihil molestiae consequatur, vel illum qui dolorem eum fugiat quo voluptas nulla pariatur.', '2014-02-11 09:37:25', '2014-02-11 09:37:25'),
(71, 'Guanajuato', 'guanajuato', 'For a relaxed tropical paradise, Acapulco certainly is vibrant one --as a matter of fact, it literally never sleeps. With non-stop nightlife, great shopping centers and restaurants, this bustling seaside resort is alive and Sed ut perspiciatis unde omnis iste natus error sit voluptatem accusantium doloremque laudantium, totam rem aperiam, eaque ipsa quae ab illo inventore veritatis et quasi architecto beatae vitae dicta sunt explicabo. Nemo enim ipsam voluptatem quia voluptas sit aspernatur aut odit aut fugit, sed quia consequuntur magni dolores eos qui ratione voluptatem sequi nesciunt. Neque porro quisquam est, qui dolorem ipsum quia dolor sit amet, consectetur, adipisci velit, sed quia non numquam eius modi tempora incidunt ut labore et dolore magnam aliquam quaerat voluptatem. Ut enim ad minima veniam, quis nostrum exercitationem ullam corporis suscipit laboriosam, nisi ut aliquid ex ea commodi consequatur? Quis autem vel eum iure reprehenderit qui in ea voluptate velit esse quam nihil molestiae consequatur, vel illum qui dolorem eum fugiat quo voluptas nulla pariatur.', '2014-02-11 09:37:25', '2014-02-11 09:37:25'),
(72, 'San Miguel de Allende', 'san_miguel_de_allende', 'For a relaxed tropical paradise, Acapulco certainly is vibrant one --as a matter of fact, it literally never sleeps. With non-stop nightlife, great shopping centers and restaurants, this bustling seaside resort is alive and Sed ut perspiciatis unde omnis iste natus error sit voluptatem accusantium doloremque laudantium, totam rem aperiam, eaque ipsa quae ab illo inventore veritatis et quasi architecto beatae vitae dicta sunt explicabo. Nemo enim ipsam voluptatem quia voluptas sit aspernatur aut odit aut fugit, sed quia consequuntur magni dolores eos qui ratione voluptatem sequi nesciunt. Neque porro quisquam est, qui dolorem ipsum quia dolor sit amet, consectetur, adipisci velit, sed quia non numquam eius modi tempora incidunt ut labore et dolore magnam aliquam quaerat voluptatem. Ut enim ad minima veniam, quis nostrum exercitationem ullam corporis suscipit laboriosam, nisi ut aliquid ex ea commodi consequatur? Quis autem vel eum iure reprehenderit qui in ea voluptate velit esse quam nihil molestiae consequatur, vel illum qui dolorem eum fugiat quo voluptas nulla pariatur.', '2014-02-11 09:37:25', '2014-02-11 09:37:25'),
(73, 'Queretaro', 'queretaro', 'For a relaxed tropical paradise, Acapulco certainly is vibrant one --as a matter of fact, it literally never sleeps. With non-stop nightlife, great shopping centers and restaurants, this bustling seaside resort is alive and Sed ut perspiciatis unde omnis iste natus error sit voluptatem accusantium doloremque laudantium, totam rem aperiam, eaque ipsa quae ab illo inventore veritatis et quasi architecto beatae vitae dicta sunt explicabo. Nemo enim ipsam voluptatem quia voluptas sit aspernatur aut odit aut fugit, sed quia consequuntur magni dolores eos qui ratione voluptatem sequi nesciunt. Neque porro quisquam est, qui dolorem ipsum quia dolor sit amet, consectetur, adipisci velit, sed quia non numquam eius modi tempora incidunt ut labore et dolore magnam aliquam quaerat voluptatem. Ut enim ad minima veniam, quis nostrum exercitationem ullam corporis suscipit laboriosam, nisi ut aliquid ex ea commodi consequatur? Quis autem vel eum iure reprehenderit qui in ea voluptate velit esse quam nihil molestiae consequatur, vel illum qui dolorem eum fugiat quo voluptas nulla pariatur.', '2014-02-11 09:37:25', '2014-02-11 09:37:25'),
(74, 'Tepeji del Rio de Ocampo', 'tepeji_del_rio_de_ocampo', 'For a relaxed tropical paradise, Acapulco certainly is vibrant one --as a matter of fact, it literally never sleeps. With non-stop nightlife, great shopping centers and restaurants, this bustling seaside resort is alive and Sed ut perspiciatis unde omnis iste natus error sit voluptatem accusantium doloremque laudantium, totam rem aperiam, eaque ipsa quae ab illo inventore veritatis et quasi architecto beatae vitae dicta sunt explicabo. Nemo enim ipsam voluptatem quia voluptas sit aspernatur aut odit aut fugit, sed quia consequuntur magni dolores eos qui ratione voluptatem sequi nesciunt. Neque porro quisquam est, qui dolorem ipsum quia dolor sit amet, consectetur, adipisci velit, sed quia non numquam eius modi tempora incidunt ut labore et dolore magnam aliquam quaerat voluptatem. Ut enim ad minima veniam, quis nostrum exercitationem ullam corporis suscipit laboriosam, nisi ut aliquid ex ea commodi consequatur? Quis autem vel eum iure reprehenderit qui in ea voluptate velit esse quam nihil molestiae consequatur, vel illum qui dolorem eum fugiat quo voluptas nulla pariatur.', '2014-02-11 09:37:26', '2014-02-11 09:37:26'),
(75, 'Tulca', 'tulca', 'For a relaxed tropical paradise, Acapulco certainly is vibrant one --as a matter of fact, it literally never sleeps. With non-stop nightlife, great shopping centers and restaurants, this bustling seaside resort is alive and Sed ut perspiciatis unde omnis iste natus error sit voluptatem accusantium doloremque laudantium, totam rem aperiam, eaque ipsa quae ab illo inventore veritatis et quasi architecto beatae vitae dicta sunt explicabo. Nemo enim ipsam voluptatem quia voluptas sit aspernatur aut odit aut fugit, sed quia consequuntur magni dolores eos qui ratione voluptatem sequi nesciunt. Neque porro quisquam est, qui dolorem ipsum quia dolor sit amet, consectetur, adipisci velit, sed quia non numquam eius modi tempora incidunt ut labore et dolore magnam aliquam quaerat voluptatem. Ut enim ad minima veniam, quis nostrum exercitationem ullam corporis suscipit laboriosam, nisi ut aliquid ex ea commodi consequatur? Quis autem vel eum iure reprehenderit qui in ea voluptate velit esse quam nihil molestiae consequatur, vel illum qui dolorem eum fugiat quo voluptas nulla pariatur.', '2014-02-11 09:37:26', '2014-02-11 09:37:26'),
(76, 'Manzanillo', 'manzanillo', 'For a relaxed tropical paradise, Acapulco certainly is vibrant one --as a matter of fact, it literally never sleeps. With non-stop nightlife, great shopping centers and restaurants, this bustling seaside resort is alive and Sed ut perspiciatis unde omnis iste natus error sit voluptatem accusantium doloremque laudantium, totam rem aperiam, eaque ipsa quae ab illo inventore veritatis et quasi architecto beatae vitae dicta sunt explicabo. Nemo enim ipsam voluptatem quia voluptas sit aspernatur aut odit aut fugit, sed quia consequuntur magni dolores eos qui ratione voluptatem sequi nesciunt. Neque porro quisquam est, qui dolorem ipsum quia dolor sit amet, consectetur, adipisci velit, sed quia non numquam eius modi tempora incidunt ut labore et dolore magnam aliquam quaerat voluptatem. Ut enim ad minima veniam, quis nostrum exercitationem ullam corporis suscipit laboriosam, nisi ut aliquid ex ea commodi consequatur? Quis autem vel eum iure reprehenderit qui in ea voluptate velit esse quam nihil molestiae consequatur, vel illum qui dolorem eum fugiat quo voluptas nulla pariatur.', '2014-02-11 09:37:26', '2014-02-11 09:37:26'),
(77, 'Angahuan', 'angahuan', 'For a relaxed tropical paradise, Acapulco certainly is vibrant one --as a matter of fact, it literally never sleeps. With non-stop nightlife, great shopping centers and restaurants, this bustling seaside resort is alive and Sed ut perspiciatis unde omnis iste natus error sit voluptatem accusantium doloremque laudantium, totam rem aperiam, eaque ipsa quae ab illo inventore veritatis et quasi architecto beatae vitae dicta sunt explicabo. Nemo enim ipsam voluptatem quia voluptas sit aspernatur aut odit aut fugit, sed quia consequuntur magni dolores eos qui ratione voluptatem sequi nesciunt. Neque porro quisquam est, qui dolorem ipsum quia dolor sit amet, consectetur, adipisci velit, sed quia non numquam eius modi tempora incidunt ut labore et dolore magnam aliquam quaerat voluptatem. Ut enim ad minima veniam, quis nostrum exercitationem ullam corporis suscipit laboriosam, nisi ut aliquid ex ea commodi consequatur? Quis autem vel eum iure reprehenderit qui in ea voluptate velit esse quam nihil molestiae consequatur, vel illum qui dolorem eum fugiat quo voluptas nulla pariatur.', '2014-02-11 09:37:26', '2014-02-11 09:37:26'),
(78, 'Angangueo', 'angangueo', 'For a relaxed tropical paradise, Acapulco certainly is vibrant one --as a matter of fact, it literally never sleeps. With non-stop nightlife, great shopping centers and restaurants, this bustling seaside resort is alive and Sed ut perspiciatis unde omnis iste natus error sit voluptatem accusantium doloremque laudantium, totam rem aperiam, eaque ipsa quae ab illo inventore veritatis et quasi architecto beatae vitae dicta sunt explicabo. Nemo enim ipsam voluptatem quia voluptas sit aspernatur aut odit aut fugit, sed quia consequuntur magni dolores eos qui ratione voluptatem sequi nesciunt. Neque porro quisquam est, qui dolorem ipsum quia dolor sit amet, consectetur, adipisci velit, sed quia non numquam eius modi tempora incidunt ut labore et dolore magnam aliquam quaerat voluptatem. Ut enim ad minima veniam, quis nostrum exercitationem ullam corporis suscipit laboriosam, nisi ut aliquid ex ea commodi consequatur? Quis autem vel eum iure reprehenderit qui in ea voluptate velit esse quam nihil molestiae consequatur, vel illum qui dolorem eum fugiat quo voluptas nulla pariatur.', '2014-02-11 09:37:26', '2014-02-11 09:37:26'),
(79, 'Morelia', 'morelia', 'For a relaxed tropical paradise, Acapulco certainly is vibrant one --as a matter of fact, it literally never sleeps. With non-stop nightlife, great shopping centers and restaurants, this bustling seaside resort is alive and Sed ut perspiciatis unde omnis iste natus error sit voluptatem accusantium doloremque laudantium, totam rem aperiam, eaque ipsa quae ab illo inventore veritatis et quasi architecto beatae vitae dicta sunt explicabo. Nemo enim ipsam voluptatem quia voluptas sit aspernatur aut odit aut fugit, sed quia consequuntur magni dolores eos qui ratione voluptatem sequi nesciunt. Neque porro quisquam est, qui dolorem ipsum quia dolor sit amet, consectetur, adipisci velit, sed quia non numquam eius modi tempora incidunt ut labore et dolore magnam aliquam quaerat voluptatem. Ut enim ad minima veniam, quis nostrum exercitationem ullam corporis suscipit laboriosam, nisi ut aliquid ex ea commodi consequatur? Quis autem vel eum iure reprehenderit qui in ea voluptate velit esse quam nihil molestiae consequatur, vel illum qui dolorem eum fugiat quo voluptas nulla pariatur.', '2014-02-11 09:37:26', '2014-02-11 09:37:26'),
(80, 'Patzcuaro', 'patzcuaro', 'For a relaxed tropical paradise, Acapulco certainly is vibrant one --as a matter of fact, it literally never sleeps. With non-stop nightlife, great shopping centers and restaurants, this bustling seaside resort is alive and Sed ut perspiciatis unde omnis iste natus error sit voluptatem accusantium doloremque laudantium, totam rem aperiam, eaque ipsa quae ab illo inventore veritatis et quasi architecto beatae vitae dicta sunt explicabo. Nemo enim ipsam voluptatem quia voluptas sit aspernatur aut odit aut fugit, sed quia consequuntur magni dolores eos qui ratione voluptatem sequi nesciunt. Neque porro quisquam est, qui dolorem ipsum quia dolor sit amet, consectetur, adipisci velit, sed quia non numquam eius modi tempora incidunt ut labore et dolore magnam aliquam quaerat voluptatem. Ut enim ad minima veniam, quis nostrum exercitationem ullam corporis suscipit laboriosam, nisi ut aliquid ex ea commodi consequatur? Quis autem vel eum iure reprehenderit qui in ea voluptate velit esse quam nihil molestiae consequatur, vel illum qui dolorem eum fugiat quo voluptas nulla pariatur.', '2014-02-11 09:37:26', '2014-02-11 09:37:26'),
(81, 'Uruapan', 'uruapan', 'For a relaxed tropical paradise, Acapulco certainly is vibrant one --as a matter of fact, it literally never sleeps. With non-stop nightlife, great shopping centers and restaurants, this bustling seaside resort is alive and Sed ut perspiciatis unde omnis iste natus error sit voluptatem accusantium doloremque laudantium, totam rem aperiam, eaque ipsa quae ab illo inventore veritatis et quasi architecto beatae vitae dicta sunt explicabo. Nemo enim ipsam voluptatem quia voluptas sit aspernatur aut odit aut fugit, sed quia consequuntur magni dolores eos qui ratione voluptatem sequi nesciunt. Neque porro quisquam est, qui dolorem ipsum quia dolor sit amet, consectetur, adipisci velit, sed quia non numquam eius modi tempora incidunt ut labore et dolore magnam aliquam quaerat voluptatem. Ut enim ad minima veniam, quis nostrum exercitationem ullam corporis suscipit laboriosam, nisi ut aliquid ex ea commodi consequatur? Quis autem vel eum iure reprehenderit qui in ea voluptate velit esse quam nihil molestiae consequatur, vel illum qui dolorem eum fugiat quo voluptas nulla pariatur.', '2014-02-11 09:37:26', '2014-02-11 09:37:26'),
(82, 'Buenavista', 'buenavista', 'For a relaxed tropical paradise, Acapulco certainly is vibrant one --as a matter of fact, it literally never sleeps. With non-stop nightlife, great shopping centers and restaurants, this bustling seaside resort is alive and Sed ut perspiciatis unde omnis iste natus error sit voluptatem accusantium doloremque laudantium, totam rem aperiam, eaque ipsa quae ab illo inventore veritatis et quasi architecto beatae vitae dicta sunt explicabo. Nemo enim ipsam voluptatem quia voluptas sit aspernatur aut odit aut fugit, sed quia consequuntur magni dolores eos qui ratione voluptatem sequi nesciunt. Neque porro quisquam est, qui dolorem ipsum quia dolor sit amet, consectetur, adipisci velit, sed quia non numquam eius modi tempora incidunt ut labore et dolore magnam aliquam quaerat voluptatem. Ut enim ad minima veniam, quis nostrum exercitationem ullam corporis suscipit laboriosam, nisi ut aliquid ex ea commodi consequatur? Quis autem vel eum iure reprehenderit qui in ea voluptate velit esse quam nihil molestiae consequatur, vel illum qui dolorem eum fugiat quo voluptas nulla pariatur.', '2014-02-11 09:37:26', '2014-02-11 09:37:26'),
(83, 'Malinalco', 'malinalco', 'For a relaxed tropical paradise, Acapulco certainly is vibrant one --as a matter of fact, it literally never sleeps. With non-stop nightlife, great shopping centers and restaurants, this bustling seaside resort is alive and Sed ut perspiciatis unde omnis iste natus error sit voluptatem accusantium doloremque laudantium, totam rem aperiam, eaque ipsa quae ab illo inventore veritatis et quasi architecto beatae vitae dicta sunt explicabo. Nemo enim ipsam voluptatem quia voluptas sit aspernatur aut odit aut fugit, sed quia consequuntur magni dolores eos qui ratione voluptatem sequi nesciunt. Neque porro quisquam est, qui dolorem ipsum quia dolor sit amet, consectetur, adipisci velit, sed quia non numquam eius modi tempora incidunt ut labore et dolore magnam aliquam quaerat voluptatem. Ut enim ad minima veniam, quis nostrum exercitationem ullam corporis suscipit laboriosam, nisi ut aliquid ex ea commodi consequatur? Quis autem vel eum iure reprehenderit qui in ea voluptate velit esse quam nihil molestiae consequatur, vel illum qui dolorem eum fugiat quo voluptas nulla pariatur.', '2014-02-11 09:37:26', '2014-02-11 09:37:26'),
(84, 'Mexico City', 'mexico_city', 'For a relaxed tropical paradise, Acapulco certainly is vibrant one --as a matter of fact, it literally never sleeps. With non-stop nightlife, great shopping centers and restaurants, this bustling seaside resort is alive and Sed ut perspiciatis unde omnis iste natus error sit voluptatem accusantium doloremque laudantium, totam rem aperiam, eaque ipsa quae ab illo inventore veritatis et quasi architecto beatae vitae dicta sunt explicabo. Nemo enim ipsam voluptatem quia voluptas sit aspernatur aut odit aut fugit, sed quia consequuntur magni dolores eos qui ratione voluptatem sequi nesciunt. Neque porro quisquam est, qui dolorem ipsum quia dolor sit amet, consectetur, adipisci velit, sed quia non numquam eius modi tempora incidunt ut labore et dolore magnam aliquam quaerat voluptatem. Ut enim ad minima veniam, quis nostrum exercitationem ullam corporis suscipit laboriosam, nisi ut aliquid ex ea commodi consequatur? Quis autem vel eum iure reprehenderit qui in ea voluptate velit esse quam nihil molestiae consequatur, vel illum qui dolorem eum fugiat quo voluptas nulla pariatur.', '2014-02-11 09:37:26', '2014-02-11 09:37:26');
INSERT INTO `pages` (`id`, `title`, `slug`, `content`, `created`, `updated`) VALUES
(85, 'San Juan Teotihuacan', 'san_juan_teotihuacan', 'For a relaxed tropical paradise, Acapulco certainly is vibrant one --as a matter of fact, it literally never sleeps. With non-stop nightlife, great shopping centers and restaurants, this bustling seaside resort is alive and Sed ut perspiciatis unde omnis iste natus error sit voluptatem accusantium doloremque laudantium, totam rem aperiam, eaque ipsa quae ab illo inventore veritatis et quasi architecto beatae vitae dicta sunt explicabo. Nemo enim ipsam voluptatem quia voluptas sit aspernatur aut odit aut fugit, sed quia consequuntur magni dolores eos qui ratione voluptatem sequi nesciunt. Neque porro quisquam est, qui dolorem ipsum quia dolor sit amet, consectetur, adipisci velit, sed quia non numquam eius modi tempora incidunt ut labore et dolore magnam aliquam quaerat voluptatem. Ut enim ad minima veniam, quis nostrum exercitationem ullam corporis suscipit laboriosam, nisi ut aliquid ex ea commodi consequatur? Quis autem vel eum iure reprehenderit qui in ea voluptate velit esse quam nihil molestiae consequatur, vel illum qui dolorem eum fugiat quo voluptas nulla pariatur.', '2014-02-11 09:37:26', '2014-02-11 09:37:26'),
(86, 'Toluca', 'toluca', 'For a relaxed tropical paradise, Acapulco certainly is vibrant one --as a matter of fact, it literally never sleeps. With non-stop nightlife, great shopping centers and restaurants, this bustling seaside resort is alive and Sed ut perspiciatis unde omnis iste natus error sit voluptatem accusantium doloremque laudantium, totam rem aperiam, eaque ipsa quae ab illo inventore veritatis et quasi architecto beatae vitae dicta sunt explicabo. Nemo enim ipsam voluptatem quia voluptas sit aspernatur aut odit aut fugit, sed quia consequuntur magni dolores eos qui ratione voluptatem sequi nesciunt. Neque porro quisquam est, qui dolorem ipsum quia dolor sit amet, consectetur, adipisci velit, sed quia non numquam eius modi tempora incidunt ut labore et dolore magnam aliquam quaerat voluptatem. Ut enim ad minima veniam, quis nostrum exercitationem ullam corporis suscipit laboriosam, nisi ut aliquid ex ea commodi consequatur? Quis autem vel eum iure reprehenderit qui in ea voluptate velit esse quam nihil molestiae consequatur, vel illum qui dolorem eum fugiat quo voluptas nulla pariatur.', '2014-02-11 09:37:26', '2014-02-11 09:37:26'),
(87, 'Valle de Bravo', 'valle_de_bravo', 'For a relaxed tropical paradise, Acapulco certainly is vibrant one --as a matter of fact, it literally never sleeps. With non-stop nightlife, great shopping centers and restaurants, this bustling seaside resort is alive and Sed ut perspiciatis unde omnis iste natus error sit voluptatem accusantium doloremque laudantium, totam rem aperiam, eaque ipsa quae ab illo inventore veritatis et quasi architecto beatae vitae dicta sunt explicabo. Nemo enim ipsam voluptatem quia voluptas sit aspernatur aut odit aut fugit, sed quia consequuntur magni dolores eos qui ratione voluptatem sequi nesciunt. Neque porro quisquam est, qui dolorem ipsum quia dolor sit amet, consectetur, adipisci velit, sed quia non numquam eius modi tempora incidunt ut labore et dolore magnam aliquam quaerat voluptatem. Ut enim ad minima veniam, quis nostrum exercitationem ullam corporis suscipit laboriosam, nisi ut aliquid ex ea commodi consequatur? Quis autem vel eum iure reprehenderit qui in ea voluptate velit esse quam nihil molestiae consequatur, vel illum qui dolorem eum fugiat quo voluptas nulla pariatur.', '2014-02-11 09:37:26', '2014-02-11 09:37:26'),
(88, 'Xochimilco', 'xochimilco', 'For a relaxed tropical paradise, Acapulco certainly is vibrant one --as a matter of fact, it literally never sleeps. With non-stop nightlife, great shopping centers and restaurants, this bustling seaside resort is alive and Sed ut perspiciatis unde omnis iste natus error sit voluptatem accusantium doloremque laudantium, totam rem aperiam, eaque ipsa quae ab illo inventore veritatis et quasi architecto beatae vitae dicta sunt explicabo. Nemo enim ipsam voluptatem quia voluptas sit aspernatur aut odit aut fugit, sed quia consequuntur magni dolores eos qui ratione voluptatem sequi nesciunt. Neque porro quisquam est, qui dolorem ipsum quia dolor sit amet, consectetur, adipisci velit, sed quia non numquam eius modi tempora incidunt ut labore et dolore magnam aliquam quaerat voluptatem. Ut enim ad minima veniam, quis nostrum exercitationem ullam corporis suscipit laboriosam, nisi ut aliquid ex ea commodi consequatur? Quis autem vel eum iure reprehenderit qui in ea voluptate velit esse quam nihil molestiae consequatur, vel illum qui dolorem eum fugiat quo voluptas nulla pariatur.', '2014-02-11 09:37:26', '2014-02-11 09:37:26'),
(89, 'Chalcatzingo', 'chalcatzingo', 'For a relaxed tropical paradise, Acapulco certainly is vibrant one --as a matter of fact, it literally never sleeps. With non-stop nightlife, great shopping centers and restaurants, this bustling seaside resort is alive and Sed ut perspiciatis unde omnis iste natus error sit voluptatem accusantium doloremque laudantium, totam rem aperiam, eaque ipsa quae ab illo inventore veritatis et quasi architecto beatae vitae dicta sunt explicabo. Nemo enim ipsam voluptatem quia voluptas sit aspernatur aut odit aut fugit, sed quia consequuntur magni dolores eos qui ratione voluptatem sequi nesciunt. Neque porro quisquam est, qui dolorem ipsum quia dolor sit amet, consectetur, adipisci velit, sed quia non numquam eius modi tempora incidunt ut labore et dolore magnam aliquam quaerat voluptatem. Ut enim ad minima veniam, quis nostrum exercitationem ullam corporis suscipit laboriosam, nisi ut aliquid ex ea commodi consequatur? Quis autem vel eum iure reprehenderit qui in ea voluptate velit esse quam nihil molestiae consequatur, vel illum qui dolorem eum fugiat quo voluptas nulla pariatur.', '2014-02-11 09:37:26', '2014-02-11 09:37:26'),
(90, 'Coatlan del Rio', 'coatlan_del_rio', 'For a relaxed tropical paradise, Acapulco certainly is vibrant one --as a matter of fact, it literally never sleeps. With non-stop nightlife, great shopping centers and restaurants, this bustling seaside resort is alive and Sed ut perspiciatis unde omnis iste natus error sit voluptatem accusantium doloremque laudantium, totam rem aperiam, eaque ipsa quae ab illo inventore veritatis et quasi architecto beatae vitae dicta sunt explicabo. Nemo enim ipsam voluptatem quia voluptas sit aspernatur aut odit aut fugit, sed quia consequuntur magni dolores eos qui ratione voluptatem sequi nesciunt. Neque porro quisquam est, qui dolorem ipsum quia dolor sit amet, consectetur, adipisci velit, sed quia non numquam eius modi tempora incidunt ut labore et dolore magnam aliquam quaerat voluptatem. Ut enim ad minima veniam, quis nostrum exercitationem ullam corporis suscipit laboriosam, nisi ut aliquid ex ea commodi consequatur? Quis autem vel eum iure reprehenderit qui in ea voluptate velit esse quam nihil molestiae consequatur, vel illum qui dolorem eum fugiat quo voluptas nulla pariatur.', '2014-02-11 09:37:26', '2014-02-11 09:37:26'),
(91, 'Cuernavaca', 'cuernavaca', 'For a relaxed tropical paradise, Acapulco certainly is vibrant one --as a matter of fact, it literally never sleeps. With non-stop nightlife, great shopping centers and restaurants, this bustling seaside resort is alive and Sed ut perspiciatis unde omnis iste natus error sit voluptatem accusantium doloremque laudantium, totam rem aperiam, eaque ipsa quae ab illo inventore veritatis et quasi architecto beatae vitae dicta sunt explicabo. Nemo enim ipsam voluptatem quia voluptas sit aspernatur aut odit aut fugit, sed quia consequuntur magni dolores eos qui ratione voluptatem sequi nesciunt. Neque porro quisquam est, qui dolorem ipsum quia dolor sit amet, consectetur, adipisci velit, sed quia non numquam eius modi tempora incidunt ut labore et dolore magnam aliquam quaerat voluptatem. Ut enim ad minima veniam, quis nostrum exercitationem ullam corporis suscipit laboriosam, nisi ut aliquid ex ea commodi consequatur? Quis autem vel eum iure reprehenderit qui in ea voluptate velit esse quam nihil molestiae consequatur, vel illum qui dolorem eum fugiat quo voluptas nulla pariatur.', '2014-02-11 09:37:27', '2014-02-11 09:37:27'),
(92, 'Tepoztlan', 'tepoztlan', 'For a relaxed tropical paradise, Acapulco certainly is vibrant one --as a matter of fact, it literally never sleeps. With non-stop nightlife, great shopping centers and restaurants, this bustling seaside resort is alive and Sed ut perspiciatis unde omnis iste natus error sit voluptatem accusantium doloremque laudantium, totam rem aperiam, eaque ipsa quae ab illo inventore veritatis et quasi architecto beatae vitae dicta sunt explicabo. Nemo enim ipsam voluptatem quia voluptas sit aspernatur aut odit aut fugit, sed quia consequuntur magni dolores eos qui ratione voluptatem sequi nesciunt. Neque porro quisquam est, qui dolorem ipsum quia dolor sit amet, consectetur, adipisci velit, sed quia non numquam eius modi tempora incidunt ut labore et dolore magnam aliquam quaerat voluptatem. Ut enim ad minima veniam, quis nostrum exercitationem ullam corporis suscipit laboriosam, nisi ut aliquid ex ea commodi consequatur? Quis autem vel eum iure reprehenderit qui in ea voluptate velit esse quam nihil molestiae consequatur, vel illum qui dolorem eum fugiat quo voluptas nulla pariatur.', '2014-02-11 09:37:27', '2014-02-11 09:37:27'),
(93, 'Cholula', 'cholula', 'For a relaxed tropical paradise, Acapulco certainly is vibrant one --as a matter of fact, it literally never sleeps. With non-stop nightlife, great shopping centers and restaurants, this bustling seaside resort is alive and Sed ut perspiciatis unde omnis iste natus error sit voluptatem accusantium doloremque laudantium, totam rem aperiam, eaque ipsa quae ab illo inventore veritatis et quasi architecto beatae vitae dicta sunt explicabo. Nemo enim ipsam voluptatem quia voluptas sit aspernatur aut odit aut fugit, sed quia consequuntur magni dolores eos qui ratione voluptatem sequi nesciunt. Neque porro quisquam est, qui dolorem ipsum quia dolor sit amet, consectetur, adipisci velit, sed quia non numquam eius modi tempora incidunt ut labore et dolore magnam aliquam quaerat voluptatem. Ut enim ad minima veniam, quis nostrum exercitationem ullam corporis suscipit laboriosam, nisi ut aliquid ex ea commodi consequatur? Quis autem vel eum iure reprehenderit qui in ea voluptate velit esse quam nihil molestiae consequatur, vel illum qui dolorem eum fugiat quo voluptas nulla pariatur.', '2014-02-11 09:37:27', '2014-02-11 09:37:27'),
(94, 'Puebla', 'puebla', 'For a relaxed tropical paradise, Acapulco certainly is vibrant one --as a matter of fact, it literally never sleeps. With non-stop nightlife, great shopping centers and restaurants, this bustling seaside resort is alive and Sed ut perspiciatis unde omnis iste natus error sit voluptatem accusantium doloremque laudantium, totam rem aperiam, eaque ipsa quae ab illo inventore veritatis et quasi architecto beatae vitae dicta sunt explicabo. Nemo enim ipsam voluptatem quia voluptas sit aspernatur aut odit aut fugit, sed quia consequuntur magni dolores eos qui ratione voluptatem sequi nesciunt. Neque porro quisquam est, qui dolorem ipsum quia dolor sit amet, consectetur, adipisci velit, sed quia non numquam eius modi tempora incidunt ut labore et dolore magnam aliquam quaerat voluptatem. Ut enim ad minima veniam, quis nostrum exercitationem ullam corporis suscipit laboriosam, nisi ut aliquid ex ea commodi consequatur? Quis autem vel eum iure reprehenderit qui in ea voluptate velit esse quam nihil molestiae consequatur, vel illum qui dolorem eum fugiat quo voluptas nulla pariatur.', '2014-02-11 09:37:27', '2014-02-11 09:37:27'),
(95, 'Catemaco', 'catemaco', 'For a relaxed tropical paradise, Acapulco certainly is vibrant one --as a matter of fact, it literally never sleeps. With non-stop nightlife, great shopping centers and restaurants, this bustling seaside resort is alive and Sed ut perspiciatis unde omnis iste natus error sit voluptatem accusantium doloremque laudantium, totam rem aperiam, eaque ipsa quae ab illo inventore veritatis et quasi architecto beatae vitae dicta sunt explicabo. Nemo enim ipsam voluptatem quia voluptas sit aspernatur aut odit aut fugit, sed quia consequuntur magni dolores eos qui ratione voluptatem sequi nesciunt. Neque porro quisquam est, qui dolorem ipsum quia dolor sit amet, consectetur, adipisci velit, sed quia non numquam eius modi tempora incidunt ut labore et dolore magnam aliquam quaerat voluptatem. Ut enim ad minima veniam, quis nostrum exercitationem ullam corporis suscipit laboriosam, nisi ut aliquid ex ea commodi consequatur? Quis autem vel eum iure reprehenderit qui in ea voluptate velit esse quam nihil molestiae consequatur, vel illum qui dolorem eum fugiat quo voluptas nulla pariatur.', '2014-02-11 09:37:27', '2014-02-11 09:37:27'),
(96, 'Lake Catemaco', 'lake_catemaco', 'For a relaxed tropical paradise, Acapulco certainly is vibrant one --as a matter of fact, it literally never sleeps. With non-stop nightlife, great shopping centers and restaurants, this bustling seaside resort is alive and Sed ut perspiciatis unde omnis iste natus error sit voluptatem accusantium doloremque laudantium, totam rem aperiam, eaque ipsa quae ab illo inventore veritatis et quasi architecto beatae vitae dicta sunt explicabo. Nemo enim ipsam voluptatem quia voluptas sit aspernatur aut odit aut fugit, sed quia consequuntur magni dolores eos qui ratione voluptatem sequi nesciunt. Neque porro quisquam est, qui dolorem ipsum quia dolor sit amet, consectetur, adipisci velit, sed quia non numquam eius modi tempora incidunt ut labore et dolore magnam aliquam quaerat voluptatem. Ut enim ad minima veniam, quis nostrum exercitationem ullam corporis suscipit laboriosam, nisi ut aliquid ex ea commodi consequatur? Quis autem vel eum iure reprehenderit qui in ea voluptate velit esse quam nihil molestiae consequatur, vel illum qui dolorem eum fugiat quo voluptas nulla pariatur.', '2014-02-11 09:37:27', '2014-02-11 09:37:27'),
(97, 'Orizaba', 'orizaba', 'For a relaxed tropical paradise, Acapulco certainly is vibrant one --as a matter of fact, it literally never sleeps. With non-stop nightlife, great shopping centers and restaurants, this bustling seaside resort is alive and Sed ut perspiciatis unde omnis iste natus error sit voluptatem accusantium doloremque laudantium, totam rem aperiam, eaque ipsa quae ab illo inventore veritatis et quasi architecto beatae vitae dicta sunt explicabo. Nemo enim ipsam voluptatem quia voluptas sit aspernatur aut odit aut fugit, sed quia consequuntur magni dolores eos qui ratione voluptatem sequi nesciunt. Neque porro quisquam est, qui dolorem ipsum quia dolor sit amet, consectetur, adipisci velit, sed quia non numquam eius modi tempora incidunt ut labore et dolore magnam aliquam quaerat voluptatem. Ut enim ad minima veniam, quis nostrum exercitationem ullam corporis suscipit laboriosam, nisi ut aliquid ex ea commodi consequatur? Quis autem vel eum iure reprehenderit qui in ea voluptate velit esse quam nihil molestiae consequatur, vel illum qui dolorem eum fugiat quo voluptas nulla pariatur.', '2014-02-11 09:37:27', '2014-02-11 09:37:27'),
(98, 'Veracruz', 'veracruz', 'For a relaxed tropical paradise, Acapulco certainly is vibrant one --as a matter of fact, it literally never sleeps. With non-stop nightlife, great shopping centers and restaurants, this bustling seaside resort is alive and Sed ut perspiciatis unde omnis iste natus error sit voluptatem accusantium doloremque laudantium, totam rem aperiam, eaque ipsa quae ab illo inventore veritatis et quasi architecto beatae vitae dicta sunt explicabo. Nemo enim ipsam voluptatem quia voluptas sit aspernatur aut odit aut fugit, sed quia consequuntur magni dolores eos qui ratione voluptatem sequi nesciunt. Neque porro quisquam est, qui dolorem ipsum quia dolor sit amet, consectetur, adipisci velit, sed quia non numquam eius modi tempora incidunt ut labore et dolore magnam aliquam quaerat voluptatem. Ut enim ad minima veniam, quis nostrum exercitationem ullam corporis suscipit laboriosam, nisi ut aliquid ex ea commodi consequatur? Quis autem vel eum iure reprehenderit qui in ea voluptate velit esse quam nihil molestiae consequatur, vel illum qui dolorem eum fugiat quo voluptas nulla pariatur.', '2014-02-11 09:37:27', '2014-02-11 09:37:27'),
(99, 'Xalapa', 'xalapa', 'For a relaxed tropical paradise, Acapulco certainly is vibrant one --as a matter of fact, it literally never sleeps. With non-stop nightlife, great shopping centers and restaurants, this bustling seaside resort is alive and Sed ut perspiciatis unde omnis iste natus error sit voluptatem accusantium doloremque laudantium, totam rem aperiam, eaque ipsa quae ab illo inventore veritatis et quasi architecto beatae vitae dicta sunt explicabo. Nemo enim ipsam voluptatem quia voluptas sit aspernatur aut odit aut fugit, sed quia consequuntur magni dolores eos qui ratione voluptatem sequi nesciunt. Neque porro quisquam est, qui dolorem ipsum quia dolor sit amet, consectetur, adipisci velit, sed quia non numquam eius modi tempora incidunt ut labore et dolore magnam aliquam quaerat voluptatem. Ut enim ad minima veniam, quis nostrum exercitationem ullam corporis suscipit laboriosam, nisi ut aliquid ex ea commodi consequatur? Quis autem vel eum iure reprehenderit qui in ea voluptate velit esse quam nihil molestiae consequatur, vel illum qui dolorem eum fugiat quo voluptas nulla pariatur.', '2014-02-11 09:37:27', '2014-02-11 09:37:27'),
(100, 'Ixtapa', 'ixtapa', 'For a relaxed tropical paradise, Acapulco certainly is vibrant one --as a matter of fact, it literally never sleeps. With non-stop nightlife, great shopping centers and restaurants, this bustling seaside resort is alive and Sed ut perspiciatis unde omnis iste natus error sit voluptatem accusantium doloremque laudantium, totam rem aperiam, eaque ipsa quae ab illo inventore veritatis et quasi architecto beatae vitae dicta sunt explicabo. Nemo enim ipsam voluptatem quia voluptas sit aspernatur aut odit aut fugit, sed quia consequuntur magni dolores eos qui ratione voluptatem sequi nesciunt. Neque porro quisquam est, qui dolorem ipsum quia dolor sit amet, consectetur, adipisci velit, sed quia non numquam eius modi tempora incidunt ut labore et dolore magnam aliquam quaerat voluptatem. Ut enim ad minima veniam, quis nostrum exercitationem ullam corporis suscipit laboriosam, nisi ut aliquid ex ea commodi consequatur? Quis autem vel eum iure reprehenderit qui in ea voluptate velit esse quam nihil molestiae consequatur, vel illum qui dolorem eum fugiat quo voluptas nulla pariatur.', '2014-02-11 09:37:27', '2014-02-11 09:37:27'),
(101, 'Zihuatanejo', 'zihuatanejo', 'For a relaxed tropical paradise, Acapulco certainly is vibrant one --as a matter of fact, it literally never sleeps. With non-stop nightlife, great shopping centers and restaurants, this bustling seaside resort is alive and Sed ut perspiciatis unde omnis iste natus error sit voluptatem accusantium doloremque laudantium, totam rem aperiam, eaque ipsa quae ab illo inventore veritatis et quasi architecto beatae vitae dicta sunt explicabo. Nemo enim ipsam voluptatem quia voluptas sit aspernatur aut odit aut fugit, sed quia consequuntur magni dolores eos qui ratione voluptatem sequi nesciunt. Neque porro quisquam est, qui dolorem ipsum quia dolor sit amet, consectetur, adipisci velit, sed quia non numquam eius modi tempora incidunt ut labore et dolore magnam aliquam quaerat voluptatem. Ut enim ad minima veniam, quis nostrum exercitationem ullam corporis suscipit laboriosam, nisi ut aliquid ex ea commodi consequatur? Quis autem vel eum iure reprehenderit qui in ea voluptate velit esse quam nihil molestiae consequatur, vel illum qui dolorem eum fugiat quo voluptas nulla pariatur.', '2014-02-11 09:37:27', '2014-02-11 09:37:27'),
(102, 'Huatulco', 'huatulco', 'For a relaxed tropical paradise, Acapulco certainly is vibrant one --as a matter of fact, it literally never sleeps. With non-stop nightlife, great shopping centers and restaurants, this bustling seaside resort is alive and Sed ut perspiciatis unde omnis iste natus error sit voluptatem accusantium doloremque laudantium, totam rem aperiam, eaque ipsa quae ab illo inventore veritatis et quasi architecto beatae vitae dicta sunt explicabo. Nemo enim ipsam voluptatem quia voluptas sit aspernatur aut odit aut fugit, sed quia consequuntur magni dolores eos qui ratione voluptatem sequi nesciunt. Neque porro quisquam est, qui dolorem ipsum quia dolor sit amet, consectetur, adipisci velit, sed quia non numquam eius modi tempora incidunt ut labore et dolore magnam aliquam quaerat voluptatem. Ut enim ad minima veniam, quis nostrum exercitationem ullam corporis suscipit laboriosam, nisi ut aliquid ex ea commodi consequatur? Quis autem vel eum iure reprehenderit qui in ea voluptate velit esse quam nihil molestiae consequatur, vel illum qui dolorem eum fugiat quo voluptas nulla pariatur.', '2014-02-11 09:37:27', '2014-02-11 09:37:27'),
(103, 'Mazunte', 'mazunte', 'For a relaxed tropical paradise, Acapulco certainly is vibrant one --as a matter of fact, it literally never sleeps. With non-stop nightlife, great shopping centers and restaurants, this bustling seaside resort is alive and Sed ut perspiciatis unde omnis iste natus error sit voluptatem accusantium doloremque laudantium, totam rem aperiam, eaque ipsa quae ab illo inventore veritatis et quasi architecto beatae vitae dicta sunt explicabo. Nemo enim ipsam voluptatem quia voluptas sit aspernatur aut odit aut fugit, sed quia consequuntur magni dolores eos qui ratione voluptatem sequi nesciunt. Neque porro quisquam est, qui dolorem ipsum quia dolor sit amet, consectetur, adipisci velit, sed quia non numquam eius modi tempora incidunt ut labore et dolore magnam aliquam quaerat voluptatem. Ut enim ad minima veniam, quis nostrum exercitationem ullam corporis suscipit laboriosam, nisi ut aliquid ex ea commodi consequatur? Quis autem vel eum iure reprehenderit qui in ea voluptate velit esse quam nihil molestiae consequatur, vel illum qui dolorem eum fugiat quo voluptas nulla pariatur.', '2014-02-11 09:37:27', '2014-02-11 09:37:27'),
(104, 'Mitla', 'mitla', 'For a relaxed tropical paradise, Acapulco certainly is vibrant one --as a matter of fact, it literally never sleeps. With non-stop nightlife, great shopping centers and restaurants, this bustling seaside resort is alive and Sed ut perspiciatis unde omnis iste natus error sit voluptatem accusantium doloremque laudantium, totam rem aperiam, eaque ipsa quae ab illo inventore veritatis et quasi architecto beatae vitae dicta sunt explicabo. Nemo enim ipsam voluptatem quia voluptas sit aspernatur aut odit aut fugit, sed quia consequuntur magni dolores eos qui ratione voluptatem sequi nesciunt. Neque porro quisquam est, qui dolorem ipsum quia dolor sit amet, consectetur, adipisci velit, sed quia non numquam eius modi tempora incidunt ut labore et dolore magnam aliquam quaerat voluptatem. Ut enim ad minima veniam, quis nostrum exercitationem ullam corporis suscipit laboriosam, nisi ut aliquid ex ea commodi consequatur? Quis autem vel eum iure reprehenderit qui in ea voluptate velit esse quam nihil molestiae consequatur, vel illum qui dolorem eum fugiat quo voluptas nulla pariatur.', '2014-02-11 09:37:27', '2014-02-11 09:37:27'),
(105, 'Monte Alban', 'monte_alban', 'For a relaxed tropical paradise, Acapulco certainly is vibrant one --as a matter of fact, it literally never sleeps. With non-stop nightlife, great shopping centers and restaurants, this bustling seaside resort is alive and Sed ut perspiciatis unde omnis iste natus error sit voluptatem accusantium doloremque laudantium, totam rem aperiam, eaque ipsa quae ab illo inventore veritatis et quasi architecto beatae vitae dicta sunt explicabo. Nemo enim ipsam voluptatem quia voluptas sit aspernatur aut odit aut fugit, sed quia consequuntur magni dolores eos qui ratione voluptatem sequi nesciunt. Neque porro quisquam est, qui dolorem ipsum quia dolor sit amet, consectetur, adipisci velit, sed quia non numquam eius modi tempora incidunt ut labore et dolore magnam aliquam quaerat voluptatem. Ut enim ad minima veniam, quis nostrum exercitationem ullam corporis suscipit laboriosam, nisi ut aliquid ex ea commodi consequatur? Quis autem vel eum iure reprehenderit qui in ea voluptate velit esse quam nihil molestiae consequatur, vel illum qui dolorem eum fugiat quo voluptas nulla pariatur.', '2014-02-11 09:37:27', '2014-02-11 09:37:27'),
(106, 'Oaxaca', 'oaxaca', 'For a relaxed tropical paradise, Acapulco certainly is vibrant one --as a matter of fact, it literally never sleeps. With non-stop nightlife, great shopping centers and restaurants, this bustling seaside resort is alive and Sed ut perspiciatis unde omnis iste natus error sit voluptatem accusantium doloremque laudantium, totam rem aperiam, eaque ipsa quae ab illo inventore veritatis et quasi architecto beatae vitae dicta sunt explicabo. Nemo enim ipsam voluptatem quia voluptas sit aspernatur aut odit aut fugit, sed quia consequuntur magni dolores eos qui ratione voluptatem sequi nesciunt. Neque porro quisquam est, qui dolorem ipsum quia dolor sit amet, consectetur, adipisci velit, sed quia non numquam eius modi tempora incidunt ut labore et dolore magnam aliquam quaerat voluptatem. Ut enim ad minima veniam, quis nostrum exercitationem ullam corporis suscipit laboriosam, nisi ut aliquid ex ea commodi consequatur? Quis autem vel eum iure reprehenderit qui in ea voluptate velit esse quam nihil molestiae consequatur, vel illum qui dolorem eum fugiat quo voluptas nulla pariatur.', '2014-02-11 09:37:27', '2014-02-11 09:37:27'),
(107, 'Puerto Angel', 'puerto_angel', 'For a relaxed tropical paradise, Acapulco certainly is vibrant one --as a matter of fact, it literally never sleeps. With non-stop nightlife, great shopping centers and restaurants, this bustling seaside resort is alive and Sed ut perspiciatis unde omnis iste natus error sit voluptatem accusantium doloremque laudantium, totam rem aperiam, eaque ipsa quae ab illo inventore veritatis et quasi architecto beatae vitae dicta sunt explicabo. Nemo enim ipsam voluptatem quia voluptas sit aspernatur aut odit aut fugit, sed quia consequuntur magni dolores eos qui ratione voluptatem sequi nesciunt. Neque porro quisquam est, qui dolorem ipsum quia dolor sit amet, consectetur, adipisci velit, sed quia non numquam eius modi tempora incidunt ut labore et dolore magnam aliquam quaerat voluptatem. Ut enim ad minima veniam, quis nostrum exercitationem ullam corporis suscipit laboriosam, nisi ut aliquid ex ea commodi consequatur? Quis autem vel eum iure reprehenderit qui in ea voluptate velit esse quam nihil molestiae consequatur, vel illum qui dolorem eum fugiat quo voluptas nulla pariatur.', '2014-02-11 09:37:27', '2014-02-11 09:37:27'),
(108, 'Puerto Escondido', 'puerto_escondido', 'For a relaxed tropical paradise, Acapulco certainly is vibrant one --as a matter of fact, it literally never sleeps. With non-stop nightlife, great shopping centers and restaurants, this bustling seaside resort is alive and Sed ut perspiciatis unde omnis iste natus error sit voluptatem accusantium doloremque laudantium, totam rem aperiam, eaque ipsa quae ab illo inventore veritatis et quasi architecto beatae vitae dicta sunt explicabo. Nemo enim ipsam voluptatem quia voluptas sit aspernatur aut odit aut fugit, sed quia consequuntur magni dolores eos qui ratione voluptatem sequi nesciunt. Neque porro quisquam est, qui dolorem ipsum quia dolor sit amet, consectetur, adipisci velit, sed quia non numquam eius modi tempora incidunt ut labore et dolore magnam aliquam quaerat voluptatem. Ut enim ad minima veniam, quis nostrum exercitationem ullam corporis suscipit laboriosam, nisi ut aliquid ex ea commodi consequatur? Quis autem vel eum iure reprehenderit qui in ea voluptate velit esse quam nihil molestiae consequatur, vel illum qui dolorem eum fugiat quo voluptas nulla pariatur.', '2014-02-11 09:37:27', '2014-02-11 09:37:27'),
(109, 'Zipolite', 'zipolite', 'For a relaxed tropical paradise, Acapulco certainly is vibrant one --as a matter of fact, it literally never sleeps. With non-stop nightlife, great shopping centers and restaurants, this bustling seaside resort is alive and Sed ut perspiciatis unde omnis iste natus error sit voluptatem accusantium doloremque laudantium, totam rem aperiam, eaque ipsa quae ab illo inventore veritatis et quasi architecto beatae vitae dicta sunt explicabo. Nemo enim ipsam voluptatem quia voluptas sit aspernatur aut odit aut fugit, sed quia consequuntur magni dolores eos qui ratione voluptatem sequi nesciunt. Neque porro quisquam est, qui dolorem ipsum quia dolor sit amet, consectetur, adipisci velit, sed quia non numquam eius modi tempora incidunt ut labore et dolore magnam aliquam quaerat voluptatem. Ut enim ad minima veniam, quis nostrum exercitationem ullam corporis suscipit laboriosam, nisi ut aliquid ex ea commodi consequatur? Quis autem vel eum iure reprehenderit qui in ea voluptate velit esse quam nihil molestiae consequatur, vel illum qui dolorem eum fugiat quo voluptas nulla pariatur.', '2014-02-11 09:37:27', '2014-02-11 09:37:27'),
(110, 'Agua Azul', 'agua_azul', 'For a relaxed tropical paradise, Acapulco certainly is vibrant one --as a matter of fact, it literally never sleeps. With non-stop nightlife, great shopping centers and restaurants, this bustling seaside resort is alive and Sed ut perspiciatis unde omnis iste natus error sit voluptatem accusantium doloremque laudantium, totam rem aperiam, eaque ipsa quae ab illo inventore veritatis et quasi architecto beatae vitae dicta sunt explicabo. Nemo enim ipsam voluptatem quia voluptas sit aspernatur aut odit aut fugit, sed quia consequuntur magni dolores eos qui ratione voluptatem sequi nesciunt. Neque porro quisquam est, qui dolorem ipsum quia dolor sit amet, consectetur, adipisci velit, sed quia non numquam eius modi tempora incidunt ut labore et dolore magnam aliquam quaerat voluptatem. Ut enim ad minima veniam, quis nostrum exercitationem ullam corporis suscipit laboriosam, nisi ut aliquid ex ea commodi consequatur? Quis autem vel eum iure reprehenderit qui in ea voluptate velit esse quam nihil molestiae consequatur, vel illum qui dolorem eum fugiat quo voluptas nulla pariatur.', '2014-02-11 09:37:27', '2014-02-11 09:37:27'),
(111, 'Chamula', 'chamula', 'For a relaxed tropical paradise, Acapulco certainly is vibrant one --as a matter of fact, it literally never sleeps. With non-stop nightlife, great shopping centers and restaurants, this bustling seaside resort is alive and Sed ut perspiciatis unde omnis iste natus error sit voluptatem accusantium doloremque laudantium, totam rem aperiam, eaque ipsa quae ab illo inventore veritatis et quasi architecto beatae vitae dicta sunt explicabo. Nemo enim ipsam voluptatem quia voluptas sit aspernatur aut odit aut fugit, sed quia consequuntur magni dolores eos qui ratione voluptatem sequi nesciunt. Neque porro quisquam est, qui dolorem ipsum quia dolor sit amet, consectetur, adipisci velit, sed quia non numquam eius modi tempora incidunt ut labore et dolore magnam aliquam quaerat voluptatem. Ut enim ad minima veniam, quis nostrum exercitationem ullam corporis suscipit laboriosam, nisi ut aliquid ex ea commodi consequatur? Quis autem vel eum iure reprehenderit qui in ea voluptate velit esse quam nihil molestiae consequatur, vel illum qui dolorem eum fugiat quo voluptas nulla pariatur.', '2014-02-11 09:37:28', '2014-02-11 09:37:28'),
(112, 'Chiapa de Corzo', 'chiapa_de_corzo', 'For a relaxed tropical paradise, Acapulco certainly is vibrant one --as a matter of fact, it literally never sleeps. With non-stop nightlife, great shopping centers and restaurants, this bustling seaside resort is alive and Sed ut perspiciatis unde omnis iste natus error sit voluptatem accusantium doloremque laudantium, totam rem aperiam, eaque ipsa quae ab illo inventore veritatis et quasi architecto beatae vitae dicta sunt explicabo. Nemo enim ipsam voluptatem quia voluptas sit aspernatur aut odit aut fugit, sed quia consequuntur magni dolores eos qui ratione voluptatem sequi nesciunt. Neque porro quisquam est, qui dolorem ipsum quia dolor sit amet, consectetur, adipisci velit, sed quia non numquam eius modi tempora incidunt ut labore et dolore magnam aliquam quaerat voluptatem. Ut enim ad minima veniam, quis nostrum exercitationem ullam corporis suscipit laboriosam, nisi ut aliquid ex ea commodi consequatur? Quis autem vel eum iure reprehenderit qui in ea voluptate velit esse quam nihil molestiae consequatur, vel illum qui dolorem eum fugiat quo voluptas nulla pariatur.', '2014-02-11 09:37:28', '2014-02-11 09:37:28'),
(113, 'Ocozingo', 'ocozingo', 'For a relaxed tropical paradise, Acapulco certainly is vibrant one --as a matter of fact, it literally never sleeps. With non-stop nightlife, great shopping centers and restaurants, this bustling seaside resort is alive and Sed ut perspiciatis unde omnis iste natus error sit voluptatem accusantium doloremque laudantium, totam rem aperiam, eaque ipsa quae ab illo inventore veritatis et quasi architecto beatae vitae dicta sunt explicabo. Nemo enim ipsam voluptatem quia voluptas sit aspernatur aut odit aut fugit, sed quia consequuntur magni dolores eos qui ratione voluptatem sequi nesciunt. Neque porro quisquam est, qui dolorem ipsum quia dolor sit amet, consectetur, adipisci velit, sed quia non numquam eius modi tempora incidunt ut labore et dolore magnam aliquam quaerat voluptatem. Ut enim ad minima veniam, quis nostrum exercitationem ullam corporis suscipit laboriosam, nisi ut aliquid ex ea commodi consequatur? Quis autem vel eum iure reprehenderit qui in ea voluptate velit esse quam nihil molestiae consequatur, vel illum qui dolorem eum fugiat quo voluptas nulla pariatur.', '2014-02-11 09:37:28', '2014-02-11 09:37:28'),
(114, 'Palenque', 'palenque', 'For a relaxed tropical paradise, Acapulco certainly is vibrant one --as a matter of fact, it literally never sleeps. With non-stop nightlife, great shopping centers and restaurants, this bustling seaside resort is alive and Sed ut perspiciatis unde omnis iste natus error sit voluptatem accusantium doloremque laudantium, totam rem aperiam, eaque ipsa quae ab illo inventore veritatis et quasi architecto beatae vitae dicta sunt explicabo. Nemo enim ipsam voluptatem quia voluptas sit aspernatur aut odit aut fugit, sed quia consequuntur magni dolores eos qui ratione voluptatem sequi nesciunt. Neque porro quisquam est, qui dolorem ipsum quia dolor sit amet, consectetur, adipisci velit, sed quia non numquam eius modi tempora incidunt ut labore et dolore magnam aliquam quaerat voluptatem. Ut enim ad minima veniam, quis nostrum exercitationem ullam corporis suscipit laboriosam, nisi ut aliquid ex ea commodi consequatur? Quis autem vel eum iure reprehenderit qui in ea voluptate velit esse quam nihil molestiae consequatur, vel illum qui dolorem eum fugiat quo voluptas nulla pariatur.', '2014-02-11 09:37:28', '2014-02-11 09:37:28'),
(115, 'San Cristobal de las Casas', 'san_cristobal_de_las_casas', 'For a relaxed tropical paradise, Acapulco certainly is vibrant one --as a matter of fact, it literally never sleeps. With non-stop nightlife, great shopping centers and restaurants, this bustling seaside resort is alive and Sed ut perspiciatis unde omnis iste natus error sit voluptatem accusantium doloremque laudantium, totam rem aperiam, eaque ipsa quae ab illo inventore veritatis et quasi architecto beatae vitae dicta sunt explicabo. Nemo enim ipsam voluptatem quia voluptas sit aspernatur aut odit aut fugit, sed quia consequuntur magni dolores eos qui ratione voluptatem sequi nesciunt. Neque porro quisquam est, qui dolorem ipsum quia dolor sit amet, consectetur, adipisci velit, sed quia non numquam eius modi tempora incidunt ut labore et dolore magnam aliquam quaerat voluptatem. Ut enim ad minima veniam, quis nostrum exercitationem ullam corporis suscipit laboriosam, nisi ut aliquid ex ea commodi consequatur? Quis autem vel eum iure reprehenderit qui in ea voluptate velit esse quam nihil molestiae consequatur, vel illum qui dolorem eum fugiat quo voluptas nulla pariatur.', '2014-02-11 09:37:28', '2014-02-11 09:37:28'),
(116, 'Tapachula', 'tapachula', 'For a relaxed tropical paradise, Acapulco certainly is vibrant one --as a matter of fact, it literally never sleeps. With non-stop nightlife, great shopping centers and restaurants, this bustling seaside resort is alive and Sed ut perspiciatis unde omnis iste natus error sit voluptatem accusantium doloremque laudantium, totam rem aperiam, eaque ipsa quae ab illo inventore veritatis et quasi architecto beatae vitae dicta sunt explicabo. Nemo enim ipsam voluptatem quia voluptas sit aspernatur aut odit aut fugit, sed quia consequuntur magni dolores eos qui ratione voluptatem sequi nesciunt. Neque porro quisquam est, qui dolorem ipsum quia dolor sit amet, consectetur, adipisci velit, sed quia non numquam eius modi tempora incidunt ut labore et dolore magnam aliquam quaerat voluptatem. Ut enim ad minima veniam, quis nostrum exercitationem ullam corporis suscipit laboriosam, nisi ut aliquid ex ea commodi consequatur? Quis autem vel eum iure reprehenderit qui in ea voluptate velit esse quam nihil molestiae consequatur, vel illum qui dolorem eum fugiat quo voluptas nulla pariatur.', '2014-02-11 09:37:28', '2014-02-11 09:37:28'),
(117, 'Villahermosa', 'villahermosa', 'For a relaxed tropical paradise, Acapulco certainly is vibrant one --as a matter of fact, it literally never sleeps. With non-stop nightlife, great shopping centers and restaurants, this bustling seaside resort is alive and Sed ut perspiciatis unde omnis iste natus error sit voluptatem accusantium doloremque laudantium, totam rem aperiam, eaque ipsa quae ab illo inventore veritatis et quasi architecto beatae vitae dicta sunt explicabo. Nemo enim ipsam voluptatem quia voluptas sit aspernatur aut odit aut fugit, sed quia consequuntur magni dolores eos qui ratione voluptatem sequi nesciunt. Neque porro quisquam est, qui dolorem ipsum quia dolor sit amet, consectetur, adipisci velit, sed quia non numquam eius modi tempora incidunt ut labore et dolore magnam aliquam quaerat voluptatem. Ut enim ad minima veniam, quis nostrum exercitationem ullam corporis suscipit laboriosam, nisi ut aliquid ex ea commodi consequatur? Quis autem vel eum iure reprehenderit qui in ea voluptate velit esse quam nihil molestiae consequatur, vel illum qui dolorem eum fugiat quo voluptas nulla pariatur.', '2014-02-11 09:37:28', '2014-02-11 09:37:28'),
(118, 'Calakmul', 'calakmul', 'For a relaxed tropical paradise, Acapulco certainly is vibrant one --as a matter of fact, it literally never sleeps. With non-stop nightlife, great shopping centers and restaurants, this bustling seaside resort is alive and Sed ut perspiciatis unde omnis iste natus error sit voluptatem accusantium doloremque laudantium, totam rem aperiam, eaque ipsa quae ab illo inventore veritatis et quasi architecto beatae vitae dicta sunt explicabo. Nemo enim ipsam voluptatem quia voluptas sit aspernatur aut odit aut fugit, sed quia consequuntur magni dolores eos qui ratione voluptatem sequi nesciunt. Neque porro quisquam est, qui dolorem ipsum quia dolor sit amet, consectetur, adipisci velit, sed quia non numquam eius modi tempora incidunt ut labore et dolore magnam aliquam quaerat voluptatem. Ut enim ad minima veniam, quis nostrum exercitationem ullam corporis suscipit laboriosam, nisi ut aliquid ex ea commodi consequatur? Quis autem vel eum iure reprehenderit qui in ea voluptate velit esse quam nihil molestiae consequatur, vel illum qui dolorem eum fugiat quo voluptas nulla pariatur.', '2014-02-11 09:37:28', '2014-02-11 09:37:28'),
(119, 'Campeche', 'campeche', 'For a relaxed tropical paradise, Acapulco certainly is vibrant one --as a matter of fact, it literally never sleeps. With non-stop nightlife, great shopping centers and restaurants, this bustling seaside resort is alive and Sed ut perspiciatis unde omnis iste natus error sit voluptatem accusantium doloremque laudantium, totam rem aperiam, eaque ipsa quae ab illo inventore veritatis et quasi architecto beatae vitae dicta sunt explicabo. Nemo enim ipsam voluptatem quia voluptas sit aspernatur aut odit aut fugit, sed quia consequuntur magni dolores eos qui ratione voluptatem sequi nesciunt. Neque porro quisquam est, qui dolorem ipsum quia dolor sit amet, consectetur, adipisci velit, sed quia non numquam eius modi tempora incidunt ut labore et dolore magnam aliquam quaerat voluptatem. Ut enim ad minima veniam, quis nostrum exercitationem ullam corporis suscipit laboriosam, nisi ut aliquid ex ea commodi consequatur? Quis autem vel eum iure reprehenderit qui in ea voluptate velit esse quam nihil molestiae consequatur, vel illum qui dolorem eum fugiat quo voluptas nulla pariatur.', '2014-02-11 09:37:28', '2014-02-11 09:37:28'),
(120, 'Xpujil', 'xpujil', 'For a relaxed tropical paradise, Acapulco certainly is vibrant one --as a matter of fact, it literally never sleeps. With non-stop nightlife, great shopping centers and restaurants, this bustling seaside resort is alive and Sed ut perspiciatis unde omnis iste natus error sit voluptatem accusantium doloremque laudantium, totam rem aperiam, eaque ipsa quae ab illo inventore veritatis et quasi architecto beatae vitae dicta sunt explicabo. Nemo enim ipsam voluptatem quia voluptas sit aspernatur aut odit aut fugit, sed quia consequuntur magni dolores eos qui ratione voluptatem sequi nesciunt. Neque porro quisquam est, qui dolorem ipsum quia dolor sit amet, consectetur, adipisci velit, sed quia non numquam eius modi tempora incidunt ut labore et dolore magnam aliquam quaerat voluptatem. Ut enim ad minima veniam, quis nostrum exercitationem ullam corporis suscipit laboriosam, nisi ut aliquid ex ea commodi consequatur? Quis autem vel eum iure reprehenderit qui in ea voluptate velit esse quam nihil molestiae consequatur, vel illum qui dolorem eum fugiat quo voluptas nulla pariatur.', '2014-02-11 09:37:28', '2014-02-11 09:37:28'),
(121, 'Celestun', 'celestun', 'For a relaxed tropical paradise, Acapulco certainly is vibrant one --as a matter of fact, it literally never sleeps. With non-stop nightlife, great shopping centers and restaurants, this bustling seaside resort is alive and Sed ut perspiciatis unde omnis iste natus error sit voluptatem accusantium doloremque laudantium, totam rem aperiam, eaque ipsa quae ab illo inventore veritatis et quasi architecto beatae vitae dicta sunt explicabo. Nemo enim ipsam voluptatem quia voluptas sit aspernatur aut odit aut fugit, sed quia consequuntur magni dolores eos qui ratione voluptatem sequi nesciunt. Neque porro quisquam est, qui dolorem ipsum quia dolor sit amet, consectetur, adipisci velit, sed quia non numquam eius modi tempora incidunt ut labore et dolore magnam aliquam quaerat voluptatem. Ut enim ad minima veniam, quis nostrum exercitationem ullam corporis suscipit laboriosam, nisi ut aliquid ex ea commodi consequatur? Quis autem vel eum iure reprehenderit qui in ea voluptate velit esse quam nihil molestiae consequatur, vel illum qui dolorem eum fugiat quo voluptas nulla pariatur.', '2014-02-11 09:37:28', '2014-02-11 09:37:28'),
(122, 'Chelem', 'chelem', 'For a relaxed tropical paradise, Acapulco certainly is vibrant one --as a matter of fact, it literally never sleeps. With non-stop nightlife, great shopping centers and restaurants, this bustling seaside resort is alive and Sed ut perspiciatis unde omnis iste natus error sit voluptatem accusantium doloremque laudantium, totam rem aperiam, eaque ipsa quae ab illo inventore veritatis et quasi architecto beatae vitae dicta sunt explicabo. Nemo enim ipsam voluptatem quia voluptas sit aspernatur aut odit aut fugit, sed quia consequuntur magni dolores eos qui ratione voluptatem sequi nesciunt. Neque porro quisquam est, qui dolorem ipsum quia dolor sit amet, consectetur, adipisci velit, sed quia non numquam eius modi tempora incidunt ut labore et dolore magnam aliquam quaerat voluptatem. Ut enim ad minima veniam, quis nostrum exercitationem ullam corporis suscipit laboriosam, nisi ut aliquid ex ea commodi consequatur? Quis autem vel eum iure reprehenderit qui in ea voluptate velit esse quam nihil molestiae consequatur, vel illum qui dolorem eum fugiat quo voluptas nulla pariatur.', '2014-02-11 09:37:28', '2014-02-11 09:37:28'),
(123, 'Cheichen Itza', 'cheichen_itza', 'For a relaxed tropical paradise, Acapulco certainly is vibrant one --as a matter of fact, it literally never sleeps. With non-stop nightlife, great shopping centers and restaurants, this bustling seaside resort is alive and Sed ut perspiciatis unde omnis iste natus error sit voluptatem accusantium doloremque laudantium, totam rem aperiam, eaque ipsa quae ab illo inventore veritatis et quasi architecto beatae vitae dicta sunt explicabo. Nemo enim ipsam voluptatem quia voluptas sit aspernatur aut odit aut fugit, sed quia consequuntur magni dolores eos qui ratione voluptatem sequi nesciunt. Neque porro quisquam est, qui dolorem ipsum quia dolor sit amet, consectetur, adipisci velit, sed quia non numquam eius modi tempora incidunt ut labore et dolore magnam aliquam quaerat voluptatem. Ut enim ad minima veniam, quis nostrum exercitationem ullam corporis suscipit laboriosam, nisi ut aliquid ex ea commodi consequatur? Quis autem vel eum iure reprehenderit qui in ea voluptate velit esse quam nihil molestiae consequatur, vel illum qui dolorem eum fugiat quo voluptas nulla pariatur.', '2014-02-11 09:37:28', '2014-02-11 09:37:28'),
(124, 'Chicxulub', 'chicxulub', 'For a relaxed tropical paradise, Acapulco certainly is vibrant one --as a matter of fact, it literally never sleeps. With non-stop nightlife, great shopping centers and restaurants, this bustling seaside resort is alive and Sed ut perspiciatis unde omnis iste natus error sit voluptatem accusantium doloremque laudantium, totam rem aperiam, eaque ipsa quae ab illo inventore veritatis et quasi architecto beatae vitae dicta sunt explicabo. Nemo enim ipsam voluptatem quia voluptas sit aspernatur aut odit aut fugit, sed quia consequuntur magni dolores eos qui ratione voluptatem sequi nesciunt. Neque porro quisquam est, qui dolorem ipsum quia dolor sit amet, consectetur, adipisci velit, sed quia non numquam eius modi tempora incidunt ut labore et dolore magnam aliquam quaerat voluptatem. Ut enim ad minima veniam, quis nostrum exercitationem ullam corporis suscipit laboriosam, nisi ut aliquid ex ea commodi consequatur? Quis autem vel eum iure reprehenderit qui in ea voluptate velit esse quam nihil molestiae consequatur, vel illum qui dolorem eum fugiat quo voluptas nulla pariatur.', '2014-02-11 09:37:28', '2014-02-11 09:37:28'),
(125, 'Chuburna', 'chuburna', 'For a relaxed tropical paradise, Acapulco certainly is vibrant one --as a matter of fact, it literally never sleeps. With non-stop nightlife, great shopping centers and restaurants, this bustling seaside resort is alive and Sed ut perspiciatis unde omnis iste natus error sit voluptatem accusantium doloremque laudantium, totam rem aperiam, eaque ipsa quae ab illo inventore veritatis et quasi architecto beatae vitae dicta sunt explicabo. Nemo enim ipsam voluptatem quia voluptas sit aspernatur aut odit aut fugit, sed quia consequuntur magni dolores eos qui ratione voluptatem sequi nesciunt. Neque porro quisquam est, qui dolorem ipsum quia dolor sit amet, consectetur, adipisci velit, sed quia non numquam eius modi tempora incidunt ut labore et dolore magnam aliquam quaerat voluptatem. Ut enim ad minima veniam, quis nostrum exercitationem ullam corporis suscipit laboriosam, nisi ut aliquid ex ea commodi consequatur? Quis autem vel eum iure reprehenderit qui in ea voluptate velit esse quam nihil molestiae consequatur, vel illum qui dolorem eum fugiat quo voluptas nulla pariatur.', '2014-02-11 09:37:28', '2014-02-11 09:37:28'),
(126, 'Dzibilchaltun', 'dzibilchaltun', 'For a relaxed tropical paradise, Acapulco certainly is vibrant one --as a matter of fact, it literally never sleeps. With non-stop nightlife, great shopping centers and restaurants, this bustling seaside resort is alive and Sed ut perspiciatis unde omnis iste natus error sit voluptatem accusantium doloremque laudantium, totam rem aperiam, eaque ipsa quae ab illo inventore veritatis et quasi architecto beatae vitae dicta sunt explicabo. Nemo enim ipsam voluptatem quia voluptas sit aspernatur aut odit aut fugit, sed quia consequuntur magni dolores eos qui ratione voluptatem sequi nesciunt. Neque porro quisquam est, qui dolorem ipsum quia dolor sit amet, consectetur, adipisci velit, sed quia non numquam eius modi tempora incidunt ut labore et dolore magnam aliquam quaerat voluptatem. Ut enim ad minima veniam, quis nostrum exercitationem ullam corporis suscipit laboriosam, nisi ut aliquid ex ea commodi consequatur? Quis autem vel eum iure reprehenderit qui in ea voluptate velit esse quam nihil molestiae consequatur, vel illum qui dolorem eum fugiat quo voluptas nulla pariatur.', '2014-02-11 09:37:28', '2014-02-11 09:37:28');
INSERT INTO `pages` (`id`, `title`, `slug`, `content`, `created`, `updated`) VALUES
(127, 'Ek Balam', 'ek_balam', 'For a relaxed tropical paradise, Acapulco certainly is vibrant one --as a matter of fact, it literally never sleeps. With non-stop nightlife, great shopping centers and restaurants, this bustling seaside resort is alive and Sed ut perspiciatis unde omnis iste natus error sit voluptatem accusantium doloremque laudantium, totam rem aperiam, eaque ipsa quae ab illo inventore veritatis et quasi architecto beatae vitae dicta sunt explicabo. Nemo enim ipsam voluptatem quia voluptas sit aspernatur aut odit aut fugit, sed quia consequuntur magni dolores eos qui ratione voluptatem sequi nesciunt. Neque porro quisquam est, qui dolorem ipsum quia dolor sit amet, consectetur, adipisci velit, sed quia non numquam eius modi tempora incidunt ut labore et dolore magnam aliquam quaerat voluptatem. Ut enim ad minima veniam, quis nostrum exercitationem ullam corporis suscipit laboriosam, nisi ut aliquid ex ea commodi consequatur? Quis autem vel eum iure reprehenderit qui in ea voluptate velit esse quam nihil molestiae consequatur, vel illum qui dolorem eum fugiat quo voluptas nulla pariatur.', '2014-02-11 09:37:28', '2014-02-11 09:37:28'),
(128, 'El Cuyo', 'el_cuyo', 'For a relaxed tropical paradise, Acapulco certainly is vibrant one --as a matter of fact, it literally never sleeps. With non-stop nightlife, great shopping centers and restaurants, this bustling seaside resort is alive and Sed ut perspiciatis unde omnis iste natus error sit voluptatem accusantium doloremque laudantium, totam rem aperiam, eaque ipsa quae ab illo inventore veritatis et quasi architecto beatae vitae dicta sunt explicabo. Nemo enim ipsam voluptatem quia voluptas sit aspernatur aut odit aut fugit, sed quia consequuntur magni dolores eos qui ratione voluptatem sequi nesciunt. Neque porro quisquam est, qui dolorem ipsum quia dolor sit amet, consectetur, adipisci velit, sed quia non numquam eius modi tempora incidunt ut labore et dolore magnam aliquam quaerat voluptatem. Ut enim ad minima veniam, quis nostrum exercitationem ullam corporis suscipit laboriosam, nisi ut aliquid ex ea commodi consequatur? Quis autem vel eum iure reprehenderit qui in ea voluptate velit esse quam nihil molestiae consequatur, vel illum qui dolorem eum fugiat quo voluptas nulla pariatur.', '2014-02-11 09:37:28', '2014-02-11 09:37:28'),
(129, 'Izamal', 'izamal', 'For a relaxed tropical paradise, Acapulco certainly is vibrant one --as a matter of fact, it literally never sleeps. With non-stop nightlife, great shopping centers and restaurants, this bustling seaside resort is alive and Sed ut perspiciatis unde omnis iste natus error sit voluptatem accusantium doloremque laudantium, totam rem aperiam, eaque ipsa quae ab illo inventore veritatis et quasi architecto beatae vitae dicta sunt explicabo. Nemo enim ipsam voluptatem quia voluptas sit aspernatur aut odit aut fugit, sed quia consequuntur magni dolores eos qui ratione voluptatem sequi nesciunt. Neque porro quisquam est, qui dolorem ipsum quia dolor sit amet, consectetur, adipisci velit, sed quia non numquam eius modi tempora incidunt ut labore et dolore magnam aliquam quaerat voluptatem. Ut enim ad minima veniam, quis nostrum exercitationem ullam corporis suscipit laboriosam, nisi ut aliquid ex ea commodi consequatur? Quis autem vel eum iure reprehenderit qui in ea voluptate velit esse quam nihil molestiae consequatur, vel illum qui dolorem eum fugiat quo voluptas nulla pariatur.', '2014-02-11 09:37:29', '2014-02-11 09:37:29'),
(130, 'Kabah', 'kabah', 'For a relaxed tropical paradise, Acapulco certainly is vibrant one --as a matter of fact, it literally never sleeps. With non-stop nightlife, great shopping centers and restaurants, this bustling seaside resort is alive and Sed ut perspiciatis unde omnis iste natus error sit voluptatem accusantium doloremque laudantium, totam rem aperiam, eaque ipsa quae ab illo inventore veritatis et quasi architecto beatae vitae dicta sunt explicabo. Nemo enim ipsam voluptatem quia voluptas sit aspernatur aut odit aut fugit, sed quia consequuntur magni dolores eos qui ratione voluptatem sequi nesciunt. Neque porro quisquam est, qui dolorem ipsum quia dolor sit amet, consectetur, adipisci velit, sed quia non numquam eius modi tempora incidunt ut labore et dolore magnam aliquam quaerat voluptatem. Ut enim ad minima veniam, quis nostrum exercitationem ullam corporis suscipit laboriosam, nisi ut aliquid ex ea commodi consequatur? Quis autem vel eum iure reprehenderit qui in ea voluptate velit esse quam nihil molestiae consequatur, vel illum qui dolorem eum fugiat quo voluptas nulla pariatur.', '2014-02-11 09:37:29', '2014-02-11 09:37:29'),
(131, 'Merida', 'merida', 'For a relaxed tropical paradise, Acapulco certainly is vibrant one --as a matter of fact, it literally never sleeps. With non-stop nightlife, great shopping centers and restaurants, this bustling seaside resort is alive and Sed ut perspiciatis unde omnis iste natus error sit voluptatem accusantium doloremque laudantium, totam rem aperiam, eaque ipsa quae ab illo inventore veritatis et quasi architecto beatae vitae dicta sunt explicabo. Nemo enim ipsam voluptatem quia voluptas sit aspernatur aut odit aut fugit, sed quia consequuntur magni dolores eos qui ratione voluptatem sequi nesciunt. Neque porro quisquam est, qui dolorem ipsum quia dolor sit amet, consectetur, adipisci velit, sed quia non numquam eius modi tempora incidunt ut labore et dolore magnam aliquam quaerat voluptatem. Ut enim ad minima veniam, quis nostrum exercitationem ullam corporis suscipit laboriosam, nisi ut aliquid ex ea commodi consequatur? Quis autem vel eum iure reprehenderit qui in ea voluptate velit esse quam nihil molestiae consequatur, vel illum qui dolorem eum fugiat quo voluptas nulla pariatur.', '2014-02-11 09:37:29', '2014-02-11 09:37:29'),
(132, 'Oxkutzcab', 'oxkutzcab', 'For a relaxed tropical paradise, Acapulco certainly is vibrant one --as a matter of fact, it literally never sleeps. With non-stop nightlife, great shopping centers and restaurants, this bustling seaside resort is alive and Sed ut perspiciatis unde omnis iste natus error sit voluptatem accusantium doloremque laudantium, totam rem aperiam, eaque ipsa quae ab illo inventore veritatis et quasi architecto beatae vitae dicta sunt explicabo. Nemo enim ipsam voluptatem quia voluptas sit aspernatur aut odit aut fugit, sed quia consequuntur magni dolores eos qui ratione voluptatem sequi nesciunt. Neque porro quisquam est, qui dolorem ipsum quia dolor sit amet, consectetur, adipisci velit, sed quia non numquam eius modi tempora incidunt ut labore et dolore magnam aliquam quaerat voluptatem. Ut enim ad minima veniam, quis nostrum exercitationem ullam corporis suscipit laboriosam, nisi ut aliquid ex ea commodi consequatur? Quis autem vel eum iure reprehenderit qui in ea voluptate velit esse quam nihil molestiae consequatur, vel illum qui dolorem eum fugiat quo voluptas nulla pariatur.', '2014-02-11 09:37:29', '2014-02-11 09:37:29'),
(133, 'Piste', 'piste', 'For a relaxed tropical paradise, Acapulco certainly is vibrant one --as a matter of fact, it literally never sleeps. With non-stop nightlife, great shopping centers and restaurants, this bustling seaside resort is alive and Sed ut perspiciatis unde omnis iste natus error sit voluptatem accusantium doloremque laudantium, totam rem aperiam, eaque ipsa quae ab illo inventore veritatis et quasi architecto beatae vitae dicta sunt explicabo. Nemo enim ipsam voluptatem quia voluptas sit aspernatur aut odit aut fugit, sed quia consequuntur magni dolores eos qui ratione voluptatem sequi nesciunt. Neque porro quisquam est, qui dolorem ipsum quia dolor sit amet, consectetur, adipisci velit, sed quia non numquam eius modi tempora incidunt ut labore et dolore magnam aliquam quaerat voluptatem. Ut enim ad minima veniam, quis nostrum exercitationem ullam corporis suscipit laboriosam, nisi ut aliquid ex ea commodi consequatur? Quis autem vel eum iure reprehenderit qui in ea voluptate velit esse quam nihil molestiae consequatur, vel illum qui dolorem eum fugiat quo voluptas nulla pariatur.', '2014-02-11 09:37:29', '2014-02-11 09:37:29'),
(134, 'Progreso', 'progreso', 'For a relaxed tropical paradise, Acapulco certainly is vibrant one --as a matter of fact, it literally never sleeps. With non-stop nightlife, great shopping centers and restaurants, this bustling seaside resort is alive and Sed ut perspiciatis unde omnis iste natus error sit voluptatem accusantium doloremque laudantium, totam rem aperiam, eaque ipsa quae ab illo inventore veritatis et quasi architecto beatae vitae dicta sunt explicabo. Nemo enim ipsam voluptatem quia voluptas sit aspernatur aut odit aut fugit, sed quia consequuntur magni dolores eos qui ratione voluptatem sequi nesciunt. Neque porro quisquam est, qui dolorem ipsum quia dolor sit amet, consectetur, adipisci velit, sed quia non numquam eius modi tempora incidunt ut labore et dolore magnam aliquam quaerat voluptatem. Ut enim ad minima veniam, quis nostrum exercitationem ullam corporis suscipit laboriosam, nisi ut aliquid ex ea commodi consequatur? Quis autem vel eum iure reprehenderit qui in ea voluptate velit esse quam nihil molestiae consequatur, vel illum qui dolorem eum fugiat quo voluptas nulla pariatur.', '2014-02-11 09:37:29', '2014-02-11 09:37:29'),
(135, 'Rio Lagartos', 'rio_lagartos', 'For a relaxed tropical paradise, Acapulco certainly is vibrant one --as a matter of fact, it literally never sleeps. With non-stop nightlife, great shopping centers and restaurants, this bustling seaside resort is alive and Sed ut perspiciatis unde omnis iste natus error sit voluptatem accusantium doloremque laudantium, totam rem aperiam, eaque ipsa quae ab illo inventore veritatis et quasi architecto beatae vitae dicta sunt explicabo. Nemo enim ipsam voluptatem quia voluptas sit aspernatur aut odit aut fugit, sed quia consequuntur magni dolores eos qui ratione voluptatem sequi nesciunt. Neque porro quisquam est, qui dolorem ipsum quia dolor sit amet, consectetur, adipisci velit, sed quia non numquam eius modi tempora incidunt ut labore et dolore magnam aliquam quaerat voluptatem. Ut enim ad minima veniam, quis nostrum exercitationem ullam corporis suscipit laboriosam, nisi ut aliquid ex ea commodi consequatur? Quis autem vel eum iure reprehenderit qui in ea voluptate velit esse quam nihil molestiae consequatur, vel illum qui dolorem eum fugiat quo voluptas nulla pariatur.', '2014-02-11 09:37:29', '2014-02-11 09:37:29'),
(136, 'San Benito', 'san_benito', 'For a relaxed tropical paradise, Acapulco certainly is vibrant one --as a matter of fact, it literally never sleeps. With non-stop nightlife, great shopping centers and restaurants, this bustling seaside resort is alive and Sed ut perspiciatis unde omnis iste natus error sit voluptatem accusantium doloremque laudantium, totam rem aperiam, eaque ipsa quae ab illo inventore veritatis et quasi architecto beatae vitae dicta sunt explicabo. Nemo enim ipsam voluptatem quia voluptas sit aspernatur aut odit aut fugit, sed quia consequuntur magni dolores eos qui ratione voluptatem sequi nesciunt. Neque porro quisquam est, qui dolorem ipsum quia dolor sit amet, consectetur, adipisci velit, sed quia non numquam eius modi tempora incidunt ut labore et dolore magnam aliquam quaerat voluptatem. Ut enim ad minima veniam, quis nostrum exercitationem ullam corporis suscipit laboriosam, nisi ut aliquid ex ea commodi consequatur? Quis autem vel eum iure reprehenderit qui in ea voluptate velit esse quam nihil molestiae consequatur, vel illum qui dolorem eum fugiat quo voluptas nulla pariatur.', '2014-02-11 09:37:29', '2014-02-11 09:37:29'),
(137, 'Santa Elena', 'santa_elena', 'For a relaxed tropical paradise, Acapulco certainly is vibrant one --as a matter of fact, it literally never sleeps. With non-stop nightlife, great shopping centers and restaurants, this bustling seaside resort is alive and Sed ut perspiciatis unde omnis iste natus error sit voluptatem accusantium doloremque laudantium, totam rem aperiam, eaque ipsa quae ab illo inventore veritatis et quasi architecto beatae vitae dicta sunt explicabo. Nemo enim ipsam voluptatem quia voluptas sit aspernatur aut odit aut fugit, sed quia consequuntur magni dolores eos qui ratione voluptatem sequi nesciunt. Neque porro quisquam est, qui dolorem ipsum quia dolor sit amet, consectetur, adipisci velit, sed quia non numquam eius modi tempora incidunt ut labore et dolore magnam aliquam quaerat voluptatem. Ut enim ad minima veniam, quis nostrum exercitationem ullam corporis suscipit laboriosam, nisi ut aliquid ex ea commodi consequatur? Quis autem vel eum iure reprehenderit qui in ea voluptate velit esse quam nihil molestiae consequatur, vel illum qui dolorem eum fugiat quo voluptas nulla pariatur.', '2014-02-11 09:37:29', '2014-02-11 09:37:29'),
(138, 'Sisal', 'sisal', 'For a relaxed tropical paradise, Acapulco certainly is vibrant one --as a matter of fact, it literally never sleeps. With non-stop nightlife, great shopping centers and restaurants, this bustling seaside resort is alive and Sed ut perspiciatis unde omnis iste natus error sit voluptatem accusantium doloremque laudantium, totam rem aperiam, eaque ipsa quae ab illo inventore veritatis et quasi architecto beatae vitae dicta sunt explicabo. Nemo enim ipsam voluptatem quia voluptas sit aspernatur aut odit aut fugit, sed quia consequuntur magni dolores eos qui ratione voluptatem sequi nesciunt. Neque porro quisquam est, qui dolorem ipsum quia dolor sit amet, consectetur, adipisci velit, sed quia non numquam eius modi tempora incidunt ut labore et dolore magnam aliquam quaerat voluptatem. Ut enim ad minima veniam, quis nostrum exercitationem ullam corporis suscipit laboriosam, nisi ut aliquid ex ea commodi consequatur? Quis autem vel eum iure reprehenderit qui in ea voluptate velit esse quam nihil molestiae consequatur, vel illum qui dolorem eum fugiat quo voluptas nulla pariatur.', '2014-02-11 09:37:29', '2014-02-11 09:37:29'),
(139, 'Telchac Puerto', 'telchac_puerto', 'For a relaxed tropical paradise, Acapulco certainly is vibrant one --as a matter of fact, it literally never sleeps. With non-stop nightlife, great shopping centers and restaurants, this bustling seaside resort is alive and Sed ut perspiciatis unde omnis iste natus error sit voluptatem accusantium doloremque laudantium, totam rem aperiam, eaque ipsa quae ab illo inventore veritatis et quasi architecto beatae vitae dicta sunt explicabo. Nemo enim ipsam voluptatem quia voluptas sit aspernatur aut odit aut fugit, sed quia consequuntur magni dolores eos qui ratione voluptatem sequi nesciunt. Neque porro quisquam est, qui dolorem ipsum quia dolor sit amet, consectetur, adipisci velit, sed quia non numquam eius modi tempora incidunt ut labore et dolore magnam aliquam quaerat voluptatem. Ut enim ad minima veniam, quis nostrum exercitationem ullam corporis suscipit laboriosam, nisi ut aliquid ex ea commodi consequatur? Quis autem vel eum iure reprehenderit qui in ea voluptate velit esse quam nihil molestiae consequatur, vel illum qui dolorem eum fugiat quo voluptas nulla pariatur.', '2014-02-11 09:37:29', '2014-02-11 09:37:29'),
(140, 'Tilcul', 'tilcul', 'For a relaxed tropical paradise, Acapulco certainly is vibrant one --as a matter of fact, it literally never sleeps. With non-stop nightlife, great shopping centers and restaurants, this bustling seaside resort is alive and Sed ut perspiciatis unde omnis iste natus error sit voluptatem accusantium doloremque laudantium, totam rem aperiam, eaque ipsa quae ab illo inventore veritatis et quasi architecto beatae vitae dicta sunt explicabo. Nemo enim ipsam voluptatem quia voluptas sit aspernatur aut odit aut fugit, sed quia consequuntur magni dolores eos qui ratione voluptatem sequi nesciunt. Neque porro quisquam est, qui dolorem ipsum quia dolor sit amet, consectetur, adipisci velit, sed quia non numquam eius modi tempora incidunt ut labore et dolore magnam aliquam quaerat voluptatem. Ut enim ad minima veniam, quis nostrum exercitationem ullam corporis suscipit laboriosam, nisi ut aliquid ex ea commodi consequatur? Quis autem vel eum iure reprehenderit qui in ea voluptate velit esse quam nihil molestiae consequatur, vel illum qui dolorem eum fugiat quo voluptas nulla pariatur.', '2014-02-11 09:37:29', '2014-02-11 09:37:29'),
(141, 'Uxmal', 'uxmal', 'For a relaxed tropical paradise, Acapulco certainly is vibrant one --as a matter of fact, it literally never sleeps. With non-stop nightlife, great shopping centers and restaurants, this bustling seaside resort is alive and Sed ut perspiciatis unde omnis iste natus error sit voluptatem accusantium doloremque laudantium, totam rem aperiam, eaque ipsa quae ab illo inventore veritatis et quasi architecto beatae vitae dicta sunt explicabo. Nemo enim ipsam voluptatem quia voluptas sit aspernatur aut odit aut fugit, sed quia consequuntur magni dolores eos qui ratione voluptatem sequi nesciunt. Neque porro quisquam est, qui dolorem ipsum quia dolor sit amet, consectetur, adipisci velit, sed quia non numquam eius modi tempora incidunt ut labore et dolore magnam aliquam quaerat voluptatem. Ut enim ad minima veniam, quis nostrum exercitationem ullam corporis suscipit laboriosam, nisi ut aliquid ex ea commodi consequatur? Quis autem vel eum iure reprehenderit qui in ea voluptate velit esse quam nihil molestiae consequatur, vel illum qui dolorem eum fugiat quo voluptas nulla pariatur.', '2014-02-11 09:37:29', '2014-02-11 09:37:29'),
(142, 'Valladolid', 'valladolid', 'For a relaxed tropical paradise, Acapulco certainly is vibrant one --as a matter of fact, it literally never sleeps. With non-stop nightlife, great shopping centers and restaurants, this bustling seaside resort is alive and Sed ut perspiciatis unde omnis iste natus error sit voluptatem accusantium doloremque laudantium, totam rem aperiam, eaque ipsa quae ab illo inventore veritatis et quasi architecto beatae vitae dicta sunt explicabo. Nemo enim ipsam voluptatem quia voluptas sit aspernatur aut odit aut fugit, sed quia consequuntur magni dolores eos qui ratione voluptatem sequi nesciunt. Neque porro quisquam est, qui dolorem ipsum quia dolor sit amet, consectetur, adipisci velit, sed quia non numquam eius modi tempora incidunt ut labore et dolore magnam aliquam quaerat voluptatem. Ut enim ad minima veniam, quis nostrum exercitationem ullam corporis suscipit laboriosam, nisi ut aliquid ex ea commodi consequatur? Quis autem vel eum iure reprehenderit qui in ea voluptate velit esse quam nihil molestiae consequatur, vel illum qui dolorem eum fugiat quo voluptas nulla pariatur.', '2014-02-11 09:37:29', '2014-02-11 09:37:29'),
(143, 'Yucatan', 'yucatan', 'For a relaxed tropical paradise, Acapulco certainly is vibrant one --as a matter of fact, it literally never sleeps. With non-stop nightlife, great shopping centers and restaurants, this bustling seaside resort is alive and Sed ut perspiciatis unde omnis iste natus error sit voluptatem accusantium doloremque laudantium, totam rem aperiam, eaque ipsa quae ab illo inventore veritatis et quasi architecto beatae vitae dicta sunt explicabo. Nemo enim ipsam voluptatem quia voluptas sit aspernatur aut odit aut fugit, sed quia consequuntur magni dolores eos qui ratione voluptatem sequi nesciunt. Neque porro quisquam est, qui dolorem ipsum quia dolor sit amet, consectetur, adipisci velit, sed quia non numquam eius modi tempora incidunt ut labore et dolore magnam aliquam quaerat voluptatem. Ut enim ad minima veniam, quis nostrum exercitationem ullam corporis suscipit laboriosam, nisi ut aliquid ex ea commodi consequatur? Quis autem vel eum iure reprehenderit qui in ea voluptate velit esse quam nihil molestiae consequatur, vel illum qui dolorem eum fugiat quo voluptas nulla pariatur.', '2014-02-11 09:37:29', '2014-02-11 09:37:29'),
(144, 'Akumal', 'akumal', 'For a relaxed tropical paradise, Acapulco certainly is vibrant one --as a matter of fact, it literally never sleeps. With non-stop nightlife, great shopping centers and restaurants, this bustling seaside resort is alive and Sed ut perspiciatis unde omnis iste natus error sit voluptatem accusantium doloremque laudantium, totam rem aperiam, eaque ipsa quae ab illo inventore veritatis et quasi architecto beatae vitae dicta sunt explicabo. Nemo enim ipsam voluptatem quia voluptas sit aspernatur aut odit aut fugit, sed quia consequuntur magni dolores eos qui ratione voluptatem sequi nesciunt. Neque porro quisquam est, qui dolorem ipsum quia dolor sit amet, consectetur, adipisci velit, sed quia non numquam eius modi tempora incidunt ut labore et dolore magnam aliquam quaerat voluptatem. Ut enim ad minima veniam, quis nostrum exercitationem ullam corporis suscipit laboriosam, nisi ut aliquid ex ea commodi consequatur? Quis autem vel eum iure reprehenderit qui in ea voluptate velit esse quam nihil molestiae consequatur, vel illum qui dolorem eum fugiat quo voluptas nulla pariatur.', '2014-02-11 09:37:29', '2014-02-11 09:37:29'),
(145, 'Bacalar', 'bacalar', 'For a relaxed tropical paradise, Acapulco certainly is vibrant one --as a matter of fact, it literally never sleeps. With non-stop nightlife, great shopping centers and restaurants, this bustling seaside resort is alive and Sed ut perspiciatis unde omnis iste natus error sit voluptatem accusantium doloremque laudantium, totam rem aperiam, eaque ipsa quae ab illo inventore veritatis et quasi architecto beatae vitae dicta sunt explicabo. Nemo enim ipsam voluptatem quia voluptas sit aspernatur aut odit aut fugit, sed quia consequuntur magni dolores eos qui ratione voluptatem sequi nesciunt. Neque porro quisquam est, qui dolorem ipsum quia dolor sit amet, consectetur, adipisci velit, sed quia non numquam eius modi tempora incidunt ut labore et dolore magnam aliquam quaerat voluptatem. Ut enim ad minima veniam, quis nostrum exercitationem ullam corporis suscipit laboriosam, nisi ut aliquid ex ea commodi consequatur? Quis autem vel eum iure reprehenderit qui in ea voluptate velit esse quam nihil molestiae consequatur, vel illum qui dolorem eum fugiat quo voluptas nulla pariatur.', '2014-02-11 09:37:29', '2014-02-11 09:37:29'),
(146, 'Cancun', 'cancun', 'For a relaxed tropical paradise, Acapulco certainly is vibrant one --as a matter of fact, it literally never sleeps. With non-stop nightlife, great shopping centers and restaurants, this bustling seaside resort is alive and Sed ut perspiciatis unde omnis iste natus error sit voluptatem accusantium doloremque laudantium, totam rem aperiam, eaque ipsa quae ab illo inventore veritatis et quasi architecto beatae vitae dicta sunt explicabo. Nemo enim ipsam voluptatem quia voluptas sit aspernatur aut odit aut fugit, sed quia consequuntur magni dolores eos qui ratione voluptatem sequi nesciunt. Neque porro quisquam est, qui dolorem ipsum quia dolor sit amet, consectetur, adipisci velit, sed quia non numquam eius modi tempora incidunt ut labore et dolore magnam aliquam quaerat voluptatem. Ut enim ad minima veniam, quis nostrum exercitationem ullam corporis suscipit laboriosam, nisi ut aliquid ex ea commodi consequatur? Quis autem vel eum iure reprehenderit qui in ea voluptate velit esse quam nihil molestiae consequatur, vel illum qui dolorem eum fugiat quo voluptas nulla pariatur.', '2014-02-11 09:37:30', '2014-02-11 09:37:30'),
(147, 'Isla Mujeres', 'isla_mujeres', 'For a relaxed tropical paradise, Acapulco certainly is vibrant one --as a matter of fact, it literally never sleeps. With non-stop nightlife, great shopping centers and restaurants, this bustling seaside resort is alive and Sed ut perspiciatis unde omnis iste natus error sit voluptatem accusantium doloremque laudantium, totam rem aperiam, eaque ipsa quae ab illo inventore veritatis et quasi architecto beatae vitae dicta sunt explicabo. Nemo enim ipsam voluptatem quia voluptas sit aspernatur aut odit aut fugit, sed quia consequuntur magni dolores eos qui ratione voluptatem sequi nesciunt. Neque porro quisquam est, qui dolorem ipsum quia dolor sit amet, consectetur, adipisci velit, sed quia non numquam eius modi tempora incidunt ut labore et dolore magnam aliquam quaerat voluptatem. Ut enim ad minima veniam, quis nostrum exercitationem ullam corporis suscipit laboriosam, nisi ut aliquid ex ea commodi consequatur? Quis autem vel eum iure reprehenderit qui in ea voluptate velit esse quam nihil molestiae consequatur, vel illum qui dolorem eum fugiat quo voluptas nulla pariatur.', '2014-02-11 09:37:30', '2014-02-11 09:37:30'),
(148, 'Chemuil', 'chemuil', 'For a relaxed tropical paradise, Acapulco certainly is vibrant one --as a matter of fact, it literally never sleeps. With non-stop nightlife, great shopping centers and restaurants, this bustling seaside resort is alive and Sed ut perspiciatis unde omnis iste natus error sit voluptatem accusantium doloremque laudantium, totam rem aperiam, eaque ipsa quae ab illo inventore veritatis et quasi architecto beatae vitae dicta sunt explicabo. Nemo enim ipsam voluptatem quia voluptas sit aspernatur aut odit aut fugit, sed quia consequuntur magni dolores eos qui ratione voluptatem sequi nesciunt. Neque porro quisquam est, qui dolorem ipsum quia dolor sit amet, consectetur, adipisci velit, sed quia non numquam eius modi tempora incidunt ut labore et dolore magnam aliquam quaerat voluptatem. Ut enim ad minima veniam, quis nostrum exercitationem ullam corporis suscipit laboriosam, nisi ut aliquid ex ea commodi consequatur? Quis autem vel eum iure reprehenderit qui in ea voluptate velit esse quam nihil molestiae consequatur, vel illum qui dolorem eum fugiat quo voluptas nulla pariatur.', '2014-02-11 09:37:30', '2014-02-11 09:37:30'),
(149, 'Chetumal', 'chetumal', 'For a relaxed tropical paradise, Acapulco certainly is vibrant one --as a matter of fact, it literally never sleeps. With non-stop nightlife, great shopping centers and restaurants, this bustling seaside resort is alive and Sed ut perspiciatis unde omnis iste natus error sit voluptatem accusantium doloremque laudantium, totam rem aperiam, eaque ipsa quae ab illo inventore veritatis et quasi architecto beatae vitae dicta sunt explicabo. Nemo enim ipsam voluptatem quia voluptas sit aspernatur aut odit aut fugit, sed quia consequuntur magni dolores eos qui ratione voluptatem sequi nesciunt. Neque porro quisquam est, qui dolorem ipsum quia dolor sit amet, consectetur, adipisci velit, sed quia non numquam eius modi tempora incidunt ut labore et dolore magnam aliquam quaerat voluptatem. Ut enim ad minima veniam, quis nostrum exercitationem ullam corporis suscipit laboriosam, nisi ut aliquid ex ea commodi consequatur? Quis autem vel eum iure reprehenderit qui in ea voluptate velit esse quam nihil molestiae consequatur, vel illum qui dolorem eum fugiat quo voluptas nulla pariatur.', '2014-02-11 09:37:30', '2014-02-11 09:37:30'),
(150, 'Coba', 'coba', 'For a relaxed tropical paradise, Acapulco certainly is vibrant one --as a matter of fact, it literally never sleeps. With non-stop nightlife, great shopping centers and restaurants, this bustling seaside resort is alive and Sed ut perspiciatis unde omnis iste natus error sit voluptatem accusantium doloremque laudantium, totam rem aperiam, eaque ipsa quae ab illo inventore veritatis et quasi architecto beatae vitae dicta sunt explicabo. Nemo enim ipsam voluptatem quia voluptas sit aspernatur aut odit aut fugit, sed quia consequuntur magni dolores eos qui ratione voluptatem sequi nesciunt. Neque porro quisquam est, qui dolorem ipsum quia dolor sit amet, consectetur, adipisci velit, sed quia non numquam eius modi tempora incidunt ut labore et dolore magnam aliquam quaerat voluptatem. Ut enim ad minima veniam, quis nostrum exercitationem ullam corporis suscipit laboriosam, nisi ut aliquid ex ea commodi consequatur? Quis autem vel eum iure reprehenderit qui in ea voluptate velit esse quam nihil molestiae consequatur, vel illum qui dolorem eum fugiat quo voluptas nulla pariatur.', '2014-02-11 09:37:30', '2014-02-11 09:37:30'),
(151, 'Costa Maya', 'costa_maya', 'For a relaxed tropical paradise, Acapulco certainly is vibrant one --as a matter of fact, it literally never sleeps. With non-stop nightlife, great shopping centers and restaurants, this bustling seaside resort is alive and Sed ut perspiciatis unde omnis iste natus error sit voluptatem accusantium doloremque laudantium, totam rem aperiam, eaque ipsa quae ab illo inventore veritatis et quasi architecto beatae vitae dicta sunt explicabo. Nemo enim ipsam voluptatem quia voluptas sit aspernatur aut odit aut fugit, sed quia consequuntur magni dolores eos qui ratione voluptatem sequi nesciunt. Neque porro quisquam est, qui dolorem ipsum quia dolor sit amet, consectetur, adipisci velit, sed quia non numquam eius modi tempora incidunt ut labore et dolore magnam aliquam quaerat voluptatem. Ut enim ad minima veniam, quis nostrum exercitationem ullam corporis suscipit laboriosam, nisi ut aliquid ex ea commodi consequatur? Quis autem vel eum iure reprehenderit qui in ea voluptate velit esse quam nihil molestiae consequatur, vel illum qui dolorem eum fugiat quo voluptas nulla pariatur.', '2014-02-11 09:37:30', '2014-02-11 09:37:30'),
(152, 'Cozumel', 'cozumel', 'For a relaxed tropical paradise, Acapulco certainly is vibrant one --as a matter of fact, it literally never sleeps. With non-stop nightlife, great shopping centers and restaurants, this bustling seaside resort is alive and Sed ut perspiciatis unde omnis iste natus error sit voluptatem accusantium doloremque laudantium, totam rem aperiam, eaque ipsa quae ab illo inventore veritatis et quasi architecto beatae vitae dicta sunt explicabo. Nemo enim ipsam voluptatem quia voluptas sit aspernatur aut odit aut fugit, sed quia consequuntur magni dolores eos qui ratione voluptatem sequi nesciunt. Neque porro quisquam est, qui dolorem ipsum quia dolor sit amet, consectetur, adipisci velit, sed quia non numquam eius modi tempora incidunt ut labore et dolore magnam aliquam quaerat voluptatem. Ut enim ad minima veniam, quis nostrum exercitationem ullam corporis suscipit laboriosam, nisi ut aliquid ex ea commodi consequatur? Quis autem vel eum iure reprehenderit qui in ea voluptate velit esse quam nihil molestiae consequatur, vel illum qui dolorem eum fugiat quo voluptas nulla pariatur.', '2014-02-11 09:37:30', '2014-02-11 09:37:30'),
(153, 'Holbox', 'holbox', 'For a relaxed tropical paradise, Acapulco certainly is vibrant one --as a matter of fact, it literally never sleeps. With non-stop nightlife, great shopping centers and restaurants, this bustling seaside resort is alive and Sed ut perspiciatis unde omnis iste natus error sit voluptatem accusantium doloremque laudantium, totam rem aperiam, eaque ipsa quae ab illo inventore veritatis et quasi architecto beatae vitae dicta sunt explicabo. Nemo enim ipsam voluptatem quia voluptas sit aspernatur aut odit aut fugit, sed quia consequuntur magni dolores eos qui ratione voluptatem sequi nesciunt. Neque porro quisquam est, qui dolorem ipsum quia dolor sit amet, consectetur, adipisci velit, sed quia non numquam eius modi tempora incidunt ut labore et dolore magnam aliquam quaerat voluptatem. Ut enim ad minima veniam, quis nostrum exercitationem ullam corporis suscipit laboriosam, nisi ut aliquid ex ea commodi consequatur? Quis autem vel eum iure reprehenderit qui in ea voluptate velit esse quam nihil molestiae consequatur, vel illum qui dolorem eum fugiat quo voluptas nulla pariatur.', '2014-02-11 09:37:30', '2014-02-11 09:37:30'),
(154, 'Mahaual', 'mahaual', 'For a relaxed tropical paradise, Acapulco certainly is vibrant one --as a matter of fact, it literally never sleeps. With non-stop nightlife, great shopping centers and restaurants, this bustling seaside resort is alive and Sed ut perspiciatis unde omnis iste natus error sit voluptatem accusantium doloremque laudantium, totam rem aperiam, eaque ipsa quae ab illo inventore veritatis et quasi architecto beatae vitae dicta sunt explicabo. Nemo enim ipsam voluptatem quia voluptas sit aspernatur aut odit aut fugit, sed quia consequuntur magni dolores eos qui ratione voluptatem sequi nesciunt. Neque porro quisquam est, qui dolorem ipsum quia dolor sit amet, consectetur, adipisci velit, sed quia non numquam eius modi tempora incidunt ut labore et dolore magnam aliquam quaerat voluptatem. Ut enim ad minima veniam, quis nostrum exercitationem ullam corporis suscipit laboriosam, nisi ut aliquid ex ea commodi consequatur? Quis autem vel eum iure reprehenderit qui in ea voluptate velit esse quam nihil molestiae consequatur, vel illum qui dolorem eum fugiat quo voluptas nulla pariatur.', '2014-02-11 09:37:30', '2014-02-11 09:37:30'),
(155, 'Playa del Carmen', 'playa_del_carmen', 'For a relaxed tropical paradise, Acapulco certainly is vibrant one --as a matter of fact, it literally never sleeps. With non-stop nightlife, great shopping centers and restaurants, this bustling seaside resort is alive and Sed ut perspiciatis unde omnis iste natus error sit voluptatem accusantium doloremque laudantium, totam rem aperiam, eaque ipsa quae ab illo inventore veritatis et quasi architecto beatae vitae dicta sunt explicabo. Nemo enim ipsam voluptatem quia voluptas sit aspernatur aut odit aut fugit, sed quia consequuntur magni dolores eos qui ratione voluptatem sequi nesciunt. Neque porro quisquam est, qui dolorem ipsum quia dolor sit amet, consectetur, adipisci velit, sed quia non numquam eius modi tempora incidunt ut labore et dolore magnam aliquam quaerat voluptatem. Ut enim ad minima veniam, quis nostrum exercitationem ullam corporis suscipit laboriosam, nisi ut aliquid ex ea commodi consequatur? Quis autem vel eum iure reprehenderit qui in ea voluptate velit esse quam nihil molestiae consequatur, vel illum qui dolorem eum fugiat quo voluptas nulla pariatur.', '2014-02-11 09:37:30', '2014-02-11 09:37:30'),
(156, 'Puerto Aventuras', 'puerto_aventuras', 'For a relaxed tropical paradise, Acapulco certainly is vibrant one --as a matter of fact, it literally never sleeps. With non-stop nightlife, great shopping centers and restaurants, this bustling seaside resort is alive and Sed ut perspiciatis unde omnis iste natus error sit voluptatem accusantium doloremque laudantium, totam rem aperiam, eaque ipsa quae ab illo inventore veritatis et quasi architecto beatae vitae dicta sunt explicabo. Nemo enim ipsam voluptatem quia voluptas sit aspernatur aut odit aut fugit, sed quia consequuntur magni dolores eos qui ratione voluptatem sequi nesciunt. Neque porro quisquam est, qui dolorem ipsum quia dolor sit amet, consectetur, adipisci velit, sed quia non numquam eius modi tempora incidunt ut labore et dolore magnam aliquam quaerat voluptatem. Ut enim ad minima veniam, quis nostrum exercitationem ullam corporis suscipit laboriosam, nisi ut aliquid ex ea commodi consequatur? Quis autem vel eum iure reprehenderit qui in ea voluptate velit esse quam nihil molestiae consequatur, vel illum qui dolorem eum fugiat quo voluptas nulla pariatur.', '2014-02-11 09:37:30', '2014-02-11 09:37:30'),
(157, 'Puerto Morelos', 'puerto_morelos', 'For a relaxed tropical paradise, Acapulco certainly is vibrant one --as a matter of fact, it literally never sleeps. With non-stop nightlife, great shopping centers and restaurants, this bustling seaside resort is alive and Sed ut perspiciatis unde omnis iste natus error sit voluptatem accusantium doloremque laudantium, totam rem aperiam, eaque ipsa quae ab illo inventore veritatis et quasi architecto beatae vitae dicta sunt explicabo. Nemo enim ipsam voluptatem quia voluptas sit aspernatur aut odit aut fugit, sed quia consequuntur magni dolores eos qui ratione voluptatem sequi nesciunt. Neque porro quisquam est, qui dolorem ipsum quia dolor sit amet, consectetur, adipisci velit, sed quia non numquam eius modi tempora incidunt ut labore et dolore magnam aliquam quaerat voluptatem. Ut enim ad minima veniam, quis nostrum exercitationem ullam corporis suscipit laboriosam, nisi ut aliquid ex ea commodi consequatur? Quis autem vel eum iure reprehenderit qui in ea voluptate velit esse quam nihil molestiae consequatur, vel illum qui dolorem eum fugiat quo voluptas nulla pariatur.', '2014-02-11 09:37:30', '2014-02-11 09:37:30'),
(158, 'Punta Allen', 'punta_allen', 'For a relaxed tropical paradise, Acapulco certainly is vibrant one --as a matter of fact, it literally never sleeps. With non-stop nightlife, great shopping centers and restaurants, this bustling seaside resort is alive and Sed ut perspiciatis unde omnis iste natus error sit voluptatem accusantium doloremque laudantium, totam rem aperiam, eaque ipsa quae ab illo inventore veritatis et quasi architecto beatae vitae dicta sunt explicabo. Nemo enim ipsam voluptatem quia voluptas sit aspernatur aut odit aut fugit, sed quia consequuntur magni dolores eos qui ratione voluptatem sequi nesciunt. Neque porro quisquam est, qui dolorem ipsum quia dolor sit amet, consectetur, adipisci velit, sed quia non numquam eius modi tempora incidunt ut labore et dolore magnam aliquam quaerat voluptatem. Ut enim ad minima veniam, quis nostrum exercitationem ullam corporis suscipit laboriosam, nisi ut aliquid ex ea commodi consequatur? Quis autem vel eum iure reprehenderit qui in ea voluptate velit esse quam nihil molestiae consequatur, vel illum qui dolorem eum fugiat quo voluptas nulla pariatur.', '2014-02-11 09:37:30', '2014-02-11 09:37:30'),
(159, 'Soliman Bay', 'soliman_bay', 'For a relaxed tropical paradise, Acapulco certainly is vibrant one --as a matter of fact, it literally never sleeps. With non-stop nightlife, great shopping centers and restaurants, this bustling seaside resort is alive and Sed ut perspiciatis unde omnis iste natus error sit voluptatem accusantium doloremque laudantium, totam rem aperiam, eaque ipsa quae ab illo inventore veritatis et quasi architecto beatae vitae dicta sunt explicabo. Nemo enim ipsam voluptatem quia voluptas sit aspernatur aut odit aut fugit, sed quia consequuntur magni dolores eos qui ratione voluptatem sequi nesciunt. Neque porro quisquam est, qui dolorem ipsum quia dolor sit amet, consectetur, adipisci velit, sed quia non numquam eius modi tempora incidunt ut labore et dolore magnam aliquam quaerat voluptatem. Ut enim ad minima veniam, quis nostrum exercitationem ullam corporis suscipit laboriosam, nisi ut aliquid ex ea commodi consequatur? Quis autem vel eum iure reprehenderit qui in ea voluptate velit esse quam nihil molestiae consequatur, vel illum qui dolorem eum fugiat quo voluptas nulla pariatur.', '2014-02-11 09:37:30', '2014-02-11 09:37:30'),
(160, 'Tankah Bay', 'tankah_bay', 'For a relaxed tropical paradise, Acapulco certainly is vibrant one --as a matter of fact, it literally never sleeps. With non-stop nightlife, great shopping centers and restaurants, this bustling seaside resort is alive and Sed ut perspiciatis unde omnis iste natus error sit voluptatem accusantium doloremque laudantium, totam rem aperiam, eaque ipsa quae ab illo inventore veritatis et quasi architecto beatae vitae dicta sunt explicabo. Nemo enim ipsam voluptatem quia voluptas sit aspernatur aut odit aut fugit, sed quia consequuntur magni dolores eos qui ratione voluptatem sequi nesciunt. Neque porro quisquam est, qui dolorem ipsum quia dolor sit amet, consectetur, adipisci velit, sed quia non numquam eius modi tempora incidunt ut labore et dolore magnam aliquam quaerat voluptatem. Ut enim ad minima veniam, quis nostrum exercitationem ullam corporis suscipit laboriosam, nisi ut aliquid ex ea commodi consequatur? Quis autem vel eum iure reprehenderit qui in ea voluptate velit esse quam nihil molestiae consequatur, vel illum qui dolorem eum fugiat quo voluptas nulla pariatur.', '2014-02-11 09:37:30', '2014-02-11 09:37:30'),
(161, 'Tulum', 'tulum', 'For a relaxed tropical paradise, Acapulco certainly is vibrant one --as a matter of fact, it literally never sleeps. With non-stop nightlife, great shopping centers and restaurants, this bustling seaside resort is alive and Sed ut perspiciatis unde omnis iste natus error sit voluptatem accusantium doloremque laudantium, totam rem aperiam, eaque ipsa quae ab illo inventore veritatis et quasi architecto beatae vitae dicta sunt explicabo. Nemo enim ipsam voluptatem quia voluptas sit aspernatur aut odit aut fugit, sed quia consequuntur magni dolores eos qui ratione voluptatem sequi nesciunt. Neque porro quisquam est, qui dolorem ipsum quia dolor sit amet, consectetur, adipisci velit, sed quia non numquam eius modi tempora incidunt ut labore et dolore magnam aliquam quaerat voluptatem. Ut enim ad minima veniam, quis nostrum exercitationem ullam corporis suscipit laboriosam, nisi ut aliquid ex ea commodi consequatur? Quis autem vel eum iure reprehenderit qui in ea voluptate velit esse quam nihil molestiae consequatur, vel illum qui dolorem eum fugiat quo voluptas nulla pariatur.', '2014-02-11 09:37:30', '2014-02-11 09:37:30'),
(162, 'Xcalak', 'xcalak', 'For a relaxed tropical paradise, Acapulco certainly is vibrant one --as a matter of fact, it literally never sleeps. With non-stop nightlife, great shopping centers and restaurants, this bustling seaside resort is alive and Sed ut perspiciatis unde omnis iste natus error sit voluptatem accusantium doloremque laudantium, totam rem aperiam, eaque ipsa quae ab illo inventore veritatis et quasi architecto beatae vitae dicta sunt explicabo. Nemo enim ipsam voluptatem quia voluptas sit aspernatur aut odit aut fugit, sed quia consequuntur magni dolores eos qui ratione voluptatem sequi nesciunt. Neque porro quisquam est, qui dolorem ipsum quia dolor sit amet, consectetur, adipisci velit, sed quia non numquam eius modi tempora incidunt ut labore et dolore magnam aliquam quaerat voluptatem. Ut enim ad minima veniam, quis nostrum exercitationem ullam corporis suscipit laboriosam, nisi ut aliquid ex ea commodi consequatur? Quis autem vel eum iure reprehenderit qui in ea voluptate velit esse quam nihil molestiae consequatur, vel illum qui dolorem eum fugiat quo voluptas nulla pariatur.', '2014-02-11 09:37:30', '2014-02-11 09:37:30'),
(163, 'Xcaret', 'xcaret', 'For a relaxed tropical paradise, Acapulco certainly is vibrant one --as a matter of fact, it literally never sleeps. With non-stop nightlife, great shopping centers and restaurants, this bustling seaside resort is alive and Sed ut perspiciatis unde omnis iste natus error sit voluptatem accusantium doloremque laudantium, totam rem aperiam, eaque ipsa quae ab illo inventore veritatis et quasi architecto beatae vitae dicta sunt explicabo. Nemo enim ipsam voluptatem quia voluptas sit aspernatur aut odit aut fugit, sed quia consequuntur magni dolores eos qui ratione voluptatem sequi nesciunt. Neque porro quisquam est, qui dolorem ipsum quia dolor sit amet, consectetur, adipisci velit, sed quia non numquam eius modi tempora incidunt ut labore et dolore magnam aliquam quaerat voluptatem. Ut enim ad minima veniam, quis nostrum exercitationem ullam corporis suscipit laboriosam, nisi ut aliquid ex ea commodi consequatur? Quis autem vel eum iure reprehenderit qui in ea voluptate velit esse quam nihil molestiae consequatur, vel illum qui dolorem eum fugiat quo voluptas nulla pariatur.', '2014-02-11 09:37:31', '2014-02-11 09:37:31'),
(164, 'Xel Ha', 'xel_ha', 'For a relaxed tropical paradise, Acapulco certainly is vibrant one --as a matter of fact, it literally never sleeps. With non-stop nightlife, great shopping centers and restaurants, this bustling seaside resort is alive and Sed ut perspiciatis unde omnis iste natus error sit voluptatem accusantium doloremque laudantium, totam rem aperiam, eaque ipsa quae ab illo inventore veritatis et quasi architecto beatae vitae dicta sunt explicabo. Nemo enim ipsam voluptatem quia voluptas sit aspernatur aut odit aut fugit, sed quia consequuntur magni dolores eos qui ratione voluptatem sequi nesciunt. Neque porro quisquam est, qui dolorem ipsum quia dolor sit amet, consectetur, adipisci velit, sed quia non numquam eius modi tempora incidunt ut labore et dolore magnam aliquam quaerat voluptatem. Ut enim ad minima veniam, quis nostrum exercitationem ullam corporis suscipit laboriosam, nisi ut aliquid ex ea commodi consequatur? Quis autem vel eum iure reprehenderit qui in ea voluptate velit esse quam nihil molestiae consequatur, vel illum qui dolorem eum fugiat quo voluptas nulla pariatur.', '2014-02-11 09:37:31', '2014-02-11 09:37:31'),
(165, 'About', 'about', 'Lorem ipsum dolor sit amet, consectetur adipisicing elit, sed do eiusmod tempor incididunt ut labore et dolore magna aliqua. Ut enim ad minim veniam, quis nostrud exercitation ullamco laboris nisi ut aliquip ex ea commodo consequat. Duis aute irure dolor in reprehenderit in voluptate velit esse cillum dolore eu fugiat nulla pariatur. Excepteur sint occaecat cupidatat non proident, sunt in culpa qui officia deserunt mollit anim id est laborum.', '2014-02-25 11:49:05', '2014-02-25 11:49:05');

-- --------------------------------------------------------

--
-- Table structure for table `payment_types`
--

CREATE TABLE IF NOT EXISTS `payment_types` (
  `id` int(11) NOT NULL AUTO_INCREMENT,
  `name` varchar(64) NOT NULL,
  `icon` varchar(255) NOT NULL,
  `is_active` tinyint(4) NOT NULL,
  `created` datetime NOT NULL,
  `updated` datetime NOT NULL,
  PRIMARY KEY (`id`)
) ENGINE=InnoDB  DEFAULT CHARSET=latin1 AUTO_INCREMENT=6 ;

--
-- Dumping data for table `payment_types`
--

INSERT INTO `payment_types` (`id`, `name`, `icon`, `is_active`, `created`, `updated`) VALUES
(1, 'Visa', 'files/uploads/payment_types/visa.png', 0, '2014-02-13 04:18:40', '2014-02-13 04:18:40'),
(2, 'Paypal', 'files/uploads/payment_types/paypal.png', 0, '2014-02-13 04:20:05', '2014-02-13 04:20:05'),
(3, 'Discovery', 'files/uploads/payment_types/discover.png', 0, '2014-02-13 04:20:52', '2014-02-13 04:20:52'),
(4, 'Master Card', 'files/uploads/payment_types/mastercard.png', 0, '2014-02-13 04:21:12', '2014-02-13 04:21:12'),
(5, 'American Express', 'files/uploads/payment_types/american.png', 0, '2014-02-13 04:21:31', '2014-02-13 04:21:31');

-- --------------------------------------------------------

--
-- Table structure for table `properties`
--

CREATE TABLE IF NOT EXISTS `properties` (
  `id` int(11) NOT NULL AUTO_INCREMENT,
  `user_id` int(11) NOT NULL,
  `address1` varchar(255) NOT NULL,
  `address2` varchar(255) NOT NULL,
  `city` varchar(255) NOT NULL,
  `zip` varchar(32) NOT NULL,
  `state` varchar(255) NOT NULL,
  `province` varchar(255) DEFAULT NULL,
  `title` varchar(255) NOT NULL,
  `description` text NOT NULL,
  `bedrooms` int(11) NOT NULL,
  `bathrooms` int(11) NOT NULL,
  `rate` tinyint(11) DEFAULT NULL,
  `video` varchar(255) NOT NULL,
  `audio` varchar(255) NOT NULL,
  `package_id` int(11) NOT NULL,
  `additional_information` text NOT NULL,
  `listing_type` enum('rent','sale') NOT NULL,
  `is_active` tinyint(4) NOT NULL,
  `is_deleted` tinytext NOT NULL,
  `created` datetime NOT NULL,
  `updated` datetime NOT NULL,
  PRIMARY KEY (`id`)
) ENGINE=InnoDB  DEFAULT CHARSET=latin1 AUTO_INCREMENT=5 ;

--
-- Dumping data for table `properties`
--

INSERT INTO `properties` (`id`, `user_id`, `address1`, `address2`, `city`, `zip`, `state`, `province`, `title`, `description`, `bedrooms`, `bathrooms`, `rate`, `video`, `audio`, `package_id`, `additional_information`, `listing_type`, `is_active`, `is_deleted`, `created`, `updated`) VALUES
(1, 2, 'test', 'test', 'Bahia de los Suenos', '6000', 'Baja California Sur', NULL, 'Test Property', 'description', 1, 1, NULL, '', '', 1, 'additional information', 'rent', 1, '', '2014-02-06 10:12:08', '2014-02-06 10:12:08'),
(2, 2, 'test', 'test', 'Bajamar', '6000', 'Baja California Norte', NULL, 'Test Property 2', 'description', 1, 1, NULL, '', '', 1, 'additional information', 'rent', 1, '', '2014-02-06 10:38:23', '2014-02-06 10:38:23'),
(3, 2, 'address1', 'address2', 'Boca del Salado', '6000', 'Baja California Sur', NULL, 'title', 'des', 1, 1, 127, '', '', 2, '', 'sale', 1, '', '2014-02-10 09:45:16', '2014-02-10 09:45:16'),
(4, 2, 'address1', 'address2', 'Boca del Salado', '6000', 'Baja California Sur', NULL, 'asd', 'asd', 1, 1, NULL, '', '', 1, 'additional information', 'rent', 1, '', '2014-02-13 11:13:53', '2014-02-13 11:13:53');

-- --------------------------------------------------------

--
-- Table structure for table `property_activities`
--

CREATE TABLE IF NOT EXISTS `property_activities` (
  `id` int(11) NOT NULL AUTO_INCREMENT,
  `property_id` int(11) NOT NULL,
  `activity_id` int(11) NOT NULL,
  `is_active` tinyint(4) NOT NULL,
  `created` datetime NOT NULL,
  `updated` datetime NOT NULL,
  PRIMARY KEY (`id`)
) ENGINE=InnoDB  DEFAULT CHARSET=latin1 AUTO_INCREMENT=16 ;

--
-- Dumping data for table `property_activities`
--

INSERT INTO `property_activities` (`id`, `property_id`, `activity_id`, `is_active`, `created`, `updated`) VALUES
(1, 1, 2, 0, '2014-02-06 10:12:08', '2014-02-06 10:12:08'),
(2, 1, 3, 0, '2014-02-06 10:12:08', '2014-02-06 10:12:08'),
(3, 1, 4, 0, '2014-02-06 10:12:08', '2014-02-06 10:12:08'),
(4, 1, 5, 0, '2014-02-06 10:12:08', '2014-02-06 10:12:08'),
(5, 1, 6, 0, '2014-02-06 10:12:08', '2014-02-06 10:12:08'),
(6, 2, 1, 0, '2014-02-06 10:38:23', '2014-02-06 10:38:23'),
(7, 2, 2, 0, '2014-02-06 10:38:23', '2014-02-06 10:38:23'),
(8, 2, 3, 0, '2014-02-06 10:38:23', '2014-02-06 10:38:23'),
(9, 2, 4, 0, '2014-02-06 10:38:23', '2014-02-06 10:38:23'),
(10, 2, 5, 0, '2014-02-06 10:38:23', '2014-02-06 10:38:23'),
(11, 2, 6, 0, '2014-02-06 10:38:23', '2014-02-06 10:38:23'),
(12, 3, 5, 0, '2014-02-10 09:45:16', '2014-02-10 09:45:16'),
(13, 3, 8, 0, '2014-02-10 09:45:16', '2014-02-10 09:45:16'),
(14, 4, 2, 0, '2014-02-13 11:13:53', '2014-02-13 11:13:53'),
(15, 4, 5, 0, '2014-02-13 11:13:53', '2014-02-13 11:13:53');

-- --------------------------------------------------------

--
-- Table structure for table `property_miscellaneous_items`
--

CREATE TABLE IF NOT EXISTS `property_miscellaneous_items` (
  `id` int(11) NOT NULL AUTO_INCREMENT,
  `property_id` int(11) NOT NULL,
  `miscellaneous_item_id` int(11) NOT NULL,
  `is_active` tinyint(4) NOT NULL,
  `created` datetime NOT NULL,
  `updated` datetime NOT NULL,
  PRIMARY KEY (`id`)
) ENGINE=InnoDB  DEFAULT CHARSET=latin1 AUTO_INCREMENT=2 ;

--
-- Dumping data for table `property_miscellaneous_items`
--

INSERT INTO `property_miscellaneous_items` (`id`, `property_id`, `miscellaneous_item_id`, `is_active`, `created`, `updated`) VALUES
(1, 4, 1, 0, '2014-02-13 11:13:53', '2014-02-13 11:13:53');

-- --------------------------------------------------------

--
-- Table structure for table `property_payment_types`
--

CREATE TABLE IF NOT EXISTS `property_payment_types` (
  `id` int(11) NOT NULL AUTO_INCREMENT,
  `property_id` int(11) NOT NULL,
  `payment_type_id` int(11) NOT NULL,
  `is_active` tinyint(4) NOT NULL,
  `created` datetime NOT NULL,
  `updated` datetime NOT NULL,
  PRIMARY KEY (`id`)
) ENGINE=InnoDB  DEFAULT CHARSET=latin1 AUTO_INCREMENT=3 ;

--
-- Dumping data for table `property_payment_types`
--

INSERT INTO `property_payment_types` (`id`, `property_id`, `payment_type_id`, `is_active`, `created`, `updated`) VALUES
(1, 4, 2, 0, '2014-02-13 11:13:53', '2014-02-13 11:13:53'),
(2, 4, 5, 0, '2014-02-13 11:13:53', '2014-02-13 11:13:53');

-- --------------------------------------------------------

--
-- Table structure for table `property_photos`
--

CREATE TABLE IF NOT EXISTS `property_photos` (
  `id` int(11) NOT NULL AUTO_INCREMENT,
  `property_id` int(11) NOT NULL,
  `photo` varchar(255) NOT NULL,
  `created` datetime NOT NULL,
  `updated` datetime NOT NULL,
  PRIMARY KEY (`id`)
) ENGINE=InnoDB  DEFAULT CHARSET=latin1 AUTO_INCREMENT=7 ;

--
-- Dumping data for table `property_photos`
--

INSERT INTO `property_photos` (`id`, `property_id`, `photo`, `created`, `updated`) VALUES
(1, 1, 'files/uploads/properties/photos/Chrysanthemum.jpg', '2014-02-06 10:12:08', '2014-02-06 10:12:08'),
(2, 1, 'files/uploads/properties/photos/Desert.jpg', '2014-02-06 10:12:08', '2014-02-06 10:12:08'),
(3, 2, 'files/uploads/properties/photos/Desert.jpg', '2014-02-06 10:38:23', '2014-02-06 10:38:23'),
(4, 2, 'files/uploads/properties/photos/Jellyfish.jpg', '2014-02-06 10:38:23', '2014-02-06 10:38:23'),
(5, 3, 'files/uploads/properties/photos/Chrysanthemum.jpg', '2014-02-10 09:45:16', '2014-02-10 09:45:16'),
(6, 4, 'files/uploads/properties/photos/Jellyfish.jpg', '2014-02-13 11:13:54', '2014-02-13 11:13:54');

-- --------------------------------------------------------

--
-- Table structure for table `property_rates`
--

CREATE TABLE IF NOT EXISTS `property_rates` (
  `id` int(11) NOT NULL AUTO_INCREMENT,
  `property_id` int(11) NOT NULL,
  `price` decimal(10,0) DEFAULT NULL,
  `season_id` int(11) DEFAULT NULL,
  `from` tinyint(2) DEFAULT NULL,
  `to` tinyint(2) DEFAULT NULL,
  `night_rate` decimal(10,0) DEFAULT NULL,
  `week_rate` decimal(10,0) DEFAULT NULL,
  `month_rate` decimal(10,0) DEFAULT NULL,
  `created` datetime DEFAULT NULL,
  `updated` datetime DEFAULT NULL,
  PRIMARY KEY (`id`)
) ENGINE=InnoDB  DEFAULT CHARSET=latin1 AUTO_INCREMENT=11 ;

--
-- Dumping data for table `property_rates`
--

INSERT INTO `property_rates` (`id`, `property_id`, `price`, `season_id`, `from`, `to`, `night_rate`, `week_rate`, `month_rate`, `created`, `updated`) VALUES
(1, 1, NULL, 1, 1, 2, 100, 200, 300, '2014-02-06 10:12:09', '2014-02-06 10:12:09'),
(2, 1, NULL, 2, 3, 4, 100, 200, 300, '2014-02-06 10:12:09', '2014-02-06 10:12:09'),
(3, 1, NULL, 3, 0, 0, 400, 500, NULL, '2014-02-06 10:12:09', '2014-02-06 10:12:09'),
(4, 2, NULL, 1, 1, 2, 100, 200, 300, '2014-02-06 10:38:23', '2014-02-06 10:38:23'),
(5, 2, NULL, 2, 3, 4, 100, 200, 300, '2014-02-06 10:38:23', '2014-02-06 10:38:23'),
(6, 2, NULL, 3, 0, 0, 400, 500, NULL, '2014-02-06 10:38:23', '2014-02-06 10:38:23'),
(7, 3, 3000, NULL, NULL, NULL, NULL, NULL, NULL, '2014-02-10 09:45:16', '2014-02-10 09:45:16'),
(8, 4, NULL, 1, 1, 2, 100, 100, 100, '2014-02-13 11:13:54', '2014-02-13 11:13:54'),
(9, 4, NULL, 2, 3, 4, 200, 200, 200, '2014-02-13 11:13:54', '2014-02-13 11:13:54'),
(10, 4, NULL, 3, 0, 0, 300, 300, NULL, '2014-02-13 11:13:54', '2014-02-13 11:13:54');

-- --------------------------------------------------------

--
-- Table structure for table `reservations`
--

CREATE TABLE IF NOT EXISTS `reservations` (
  `id` int(11) NOT NULL AUTO_INCREMENT,
  `property_id` int(11) NOT NULL,
  `date` date NOT NULL,
  `is_active` tinyint(4) NOT NULL,
  `created` datetime NOT NULL,
  `updated` datetime NOT NULL,
  PRIMARY KEY (`id`)
) ENGINE=InnoDB  DEFAULT CHARSET=latin1 AUTO_INCREMENT=10 ;

--
-- Dumping data for table `reservations`
--

INSERT INTO `reservations` (`id`, `property_id`, `date`, `is_active`, `created`, `updated`) VALUES
(1, 1, '2014-02-06', 0, '2014-02-06 10:12:08', '2014-02-06 10:12:08'),
(2, 1, '2014-02-07', 0, '2014-02-06 10:12:09', '2014-02-06 10:12:09'),
(3, 1, '2014-02-13', 0, '2014-02-06 10:12:09', '2014-02-06 10:12:09'),
(4, 2, '2014-02-20', 0, '2014-02-06 10:38:23', '2014-02-06 10:38:23'),
(5, 2, '2014-02-27', 0, '2014-02-06 10:38:23', '2014-02-06 10:38:23'),
(6, 2, '2014-02-28', 0, '2014-02-06 10:38:23', '2014-02-06 10:38:23'),
(7, 4, '2014-02-13', 0, '2014-02-13 11:13:54', '2014-02-13 11:13:54'),
(8, 4, '2014-02-20', 0, '2014-02-13 11:13:54', '2014-02-13 11:13:54'),
(9, 4, '2014-02-27', 0, '2014-02-13 11:13:54', '2014-02-13 11:13:54');

-- --------------------------------------------------------

--
-- Table structure for table `reviews`
--

CREATE TABLE IF NOT EXISTS `reviews` (
  `id` int(11) NOT NULL AUTO_INCREMENT,
  `property_id` int(11) NOT NULL,
  `first_name` varchar(64) NOT NULL,
  `last_name` varchar(64) NOT NULL,
  `email_address` varchar(128) NOT NULL,
  `arrival` date NOT NULL,
  `departure` date NOT NULL,
  `review` text NOT NULL,
  `rate` tinyint(4) NOT NULL,
  `is_active` tinyint(4) NOT NULL,
  `created` datetime NOT NULL,
  `updated` datetime NOT NULL,
  PRIMARY KEY (`id`)
) ENGINE=InnoDB DEFAULT CHARSET=latin1 AUTO_INCREMENT=1 ;

-- --------------------------------------------------------

--
-- Table structure for table `roles`
--

CREATE TABLE IF NOT EXISTS `roles` (
  `role_id` tinyint(4) NOT NULL AUTO_INCREMENT,
  `name` varchar(64) NOT NULL,
  `created` datetime DEFAULT NULL,
  `updated` datetime DEFAULT NULL,
  PRIMARY KEY (`role_id`)
) ENGINE=MyISAM  DEFAULT CHARSET=latin1 AUTO_INCREMENT=5 ;

--
-- Dumping data for table `roles`
--

INSERT INTO `roles` (`role_id`, `name`, `created`, `updated`) VALUES
(1, 'admin', '2013-08-28 16:04:01', '2013-08-28 16:04:01'),
(2, 'user', '2013-08-28 16:04:10', '2013-11-20 10:52:55'),
(3, 'seller', '2013-10-24 08:58:18', '2013-10-24 08:58:18'),
(4, 'renter', '2013-10-24 08:58:23', '2013-10-24 08:58:23');

-- --------------------------------------------------------

--
-- Table structure for table `seasons`
--

CREATE TABLE IF NOT EXISTS `seasons` (
  `id` int(11) NOT NULL AUTO_INCREMENT,
  `name` varchar(64) NOT NULL,
  `is_active` tinyint(4) NOT NULL,
  `created` datetime NOT NULL,
  `updated` datetime NOT NULL,
  PRIMARY KEY (`id`)
) ENGINE=InnoDB  DEFAULT CHARSET=latin1 AUTO_INCREMENT=4 ;

--
-- Dumping data for table `seasons`
--

INSERT INTO `seasons` (`id`, `name`, `is_active`, `created`, `updated`) VALUES
(1, 'High Season', 1, '2013-12-05 08:44:48', '2013-12-05 08:44:48'),
(2, 'Low Season', 1, '2013-12-05 08:45:02', '2013-12-05 08:45:02'),
(3, 'Holidays', 1, '2013-12-05 08:45:14', '2013-12-05 08:45:14');

-- --------------------------------------------------------

--
-- Table structure for table `tmp_uploads`
--

CREATE TABLE IF NOT EXISTS `tmp_uploads` (
  `id` int(11) NOT NULL AUTO_INCREMENT,
  `session_id` varchar(255) NOT NULL,
  `tag` varchar(255) NOT NULL,
  `path` varchar(255) NOT NULL,
  `created` datetime NOT NULL,
  `updated` datetime NOT NULL,
  PRIMARY KEY (`id`)
) ENGINE=InnoDB DEFAULT CHARSET=latin1 AUTO_INCREMENT=1 ;

-- --------------------------------------------------------

--
-- Table structure for table `tmp_upload_audios`
--

CREATE TABLE IF NOT EXISTS `tmp_upload_audios` (
  `id` int(11) NOT NULL AUTO_INCREMENT,
  `session_id` varchar(255) NOT NULL,
  `audio` varchar(255) NOT NULL,
  `created` datetime NOT NULL,
  `updated` datetime NOT NULL,
  PRIMARY KEY (`id`)
) ENGINE=InnoDB DEFAULT CHARSET=latin1 AUTO_INCREMENT=1 ;

-- --------------------------------------------------------

--
-- Table structure for table `tmp_upload_photos`
--

CREATE TABLE IF NOT EXISTS `tmp_upload_photos` (
  `id` int(11) NOT NULL AUTO_INCREMENT,
  `session_id` varchar(255) NOT NULL,
  `photo` varchar(255) NOT NULL,
  `created` datetime NOT NULL,
  `updated` datetime NOT NULL,
  PRIMARY KEY (`id`)
) ENGINE=InnoDB DEFAULT CHARSET=latin1 AUTO_INCREMENT=1 ;

-- --------------------------------------------------------

--
-- Table structure for table `users`
--

CREATE TABLE IF NOT EXISTS `users` (
  `user_id` int(11) NOT NULL AUTO_INCREMENT,
  `role_id` int(11) DEFAULT NULL,
  `first_name` varchar(64) NOT NULL,
  `last_name` varchar(64) NOT NULL,
  `email_address` varchar(128) NOT NULL,
  `username` varchar(128) NOT NULL,
  `password` varchar(128) NOT NULL,
  `account_type` enum('renter','seller') NOT NULL DEFAULT 'renter',
  `phone` varchar(64) DEFAULT NULL,
  `address1` varchar(255) DEFAULT NULL,
  `address2` varchar(255) NOT NULL,
  `city` varchar(255) DEFAULT NULL,
  `state` varchar(255) DEFAULT NULL,
  `zip` varchar(32) DEFAULT NULL,
  `country` varchar(255) DEFAULT NULL,
  `created` datetime DEFAULT NULL,
  `updated` datetime DEFAULT NULL,
  `confirmation_key` varchar(255) DEFAULT NULL,
  `terms_and_conditions` datetime NOT NULL,
  `is_email_confirmed` tinyint(1) NOT NULL DEFAULT '0',
  `is_active` tinyint(1) NOT NULL DEFAULT '1',
  `is_deleted` tinytext NOT NULL,
  PRIMARY KEY (`user_id`),
  KEY `role_id` (`role_id`)
) ENGINE=InnoDB  DEFAULT CHARSET=latin1 AUTO_INCREMENT=6 ;

--
-- Dumping data for table `users`
--

INSERT INTO `users` (`user_id`, `role_id`, `first_name`, `last_name`, `email_address`, `username`, `password`, `account_type`, `phone`, `address1`, `address2`, `city`, `state`, `zip`, `country`, `created`, `updated`, `confirmation_key`, `terms_and_conditions`, `is_email_confirmed`, `is_active`, `is_deleted`) VALUES
(1, 1, 'Dax', 'Panganiban', 'dax1216@gmail.com', '', '47056910acfb2435dc50b98d11e93e9dc2eb63c9', 'renter', NULL, NULL, '', NULL, NULL, NULL, NULL, '2013-08-28 16:07:48', '2013-08-28 16:21:29', '91da817cc99d0ac75df94949a92b14f1', '0000-00-00 00:00:00', 0, 1, ''),
(2, 2, 'Daisy', 'Tudtud', 'daisytudtud@gmail.com', 'daisy', '320ed5aace339b8491b7b8f8e9602d702fb52b18', 'renter', NULL, NULL, '', NULL, NULL, NULL, NULL, '2013-10-22 11:14:17', '2013-10-22 11:14:17', 'f22c35a1b130298c32cef82834748d57', '0000-00-00 00:00:00', 1, 1, ''),
(4, 2, 'test', 'test', 'test@test.com', '', '320ed5aace339b8491b7b8f8e9602d702fb52b18', 'renter', '555-555-5555', NULL, '', NULL, NULL, NULL, NULL, '2013-12-20 03:38:00', '2013-12-20 03:38:00', '45a1a9a69fb930695491c11ed6ed8d60', '2013-12-20 10:38:00', 0, 0, ''),
(5, 1, 'test', 'test', 'dalfil_13112@yahoo.com', '', '320ed5aace339b8491b7b8f8e9602d702fb52b18', 'renter', '555-555-5555', NULL, '', NULL, NULL, NULL, NULL, '2014-02-14 04:28:54', '2014-02-14 04:28:54', 'a0ac38b67e23fb412020856a9d77dc63', '2014-02-14 11:28:54', 1, 1, '');

/*!40101 SET CHARACTER_SET_CLIENT=@OLD_CHARACTER_SET_CLIENT */;
/*!40101 SET CHARACTER_SET_RESULTS=@OLD_CHARACTER_SET_RESULTS */;
/*!40101 SET COLLATION_CONNECTION=@OLD_COLLATION_CONNECTION */;
